Workbook

Sheet Hướng dẫn
A1: Label test tham chiếu cho CUT GitBug-Java (không có test trùng tên)
A3: Mục đích | B3: Với các CUT không có file test tên <Tên>Test / Test<Tên> / <Tên>Tests, xác định test class do người viết nào kiểm thử CUT để dùng làm test tham chiếu (RQ3, mô tả).
A4: Tiêu chí PAIRED (chốt trước khi label) | B4: Chọn PAIRED khi test class (1) nằm trong thư mục test của cùng module tại commit đã fix, (2) viết bằng Java, và (3) có ít nhất một test method gọi trực tiếp API của CUT (tạo đối tượng CUT bằng new, gọi method của CUT, hoặc gọi method static của CUT). Nếu nhiều test class thỏa, chọn test class gọi trực tiếp nhiều API của CUT nhất; hòa thì chọn class có tên chứa tên CUT, rồi đến class cùng package.
A5: Không tính | B5: File *IT (integration test chạy bằng Maven failsafe, thường cần dịch vụ ngoài), file *Example hoặc lớp tiện ích/fake không có test method, và test của class khác chỉ dùng CUT gián tiếp. Khi hai test bằng điểm, ưu tiên unit test chạy bằng surefire.
A6: Tiêu chí NONE | B6: Chọn NONE khi không có test class Java nào thỏa tiêu chí trên: chỉ nhắc tên CUT trong comment hoặc import, chỉ dùng CUT gián tiếp qua class khác, hoặc test viết bằng Groovy/Kotlin.
A7: Không được làm | B7: Không xem bất kỳ kết quả chạy ARROW hay EvoSuite nào khi label. Không chọn CUT 'dễ': label mọi dòng, việc chọn 1 CUT mỗi repository sẽ rút ngẫu nhiên sau đó.
A8: Cách điền (sheet Label) | B8: 1) Mở CUT bằng link ở cột G. 2) Xem các ứng viên trong sheet 'Ứng viên' (lọc cột 'STT CUT' bằng số STT), mở link GitHub để đọc test. 3) Điền cột K = PAIRED hoặc NONE. 4) Nếu PAIRED: điền số hạng ứng viên ở cột L, hoặc dán đường dẫn test khác ở cột M (đường dẫn tính từ gốc repository). Cột N tự hiện test_class_path. 5) Ghi lý do ngắn ở cột O và tên người label ở cột P.
A9: Người kiểm tra | B9: Người thứ hai xem lại (ít nhất các dòng ưu tiên A), ghi tên ở cột Q và Có/Không ở cột R. Dòng 'Không' cần thống nhất lại rồi sửa K–N.
A10: Ô cần điền | B10: Ô nền vàng (cột K–M, O–S). Cột N nền xám là công thức, không sửa.
A11: Ví dụ một dòng | B11: CUT src/main/java/com/ezylang/evalex/parser/Tokenizer.java → K = PAIRED, L = 1 (TokenizerArrayTest.java), O = 'TokenizerArrayTest tạo new Tokenizer(...) và gọi parse() trong mọi test method', P = tên người label.
A12: Ưu tiên | B12: A = repository chưa có CUT nào qua preflight (label xong có thể thêm repository mới). B = repository đã có CUT qua preflight (label để quy tắc áp dụng đồng nhất cho mọi CUT).
A13: Ứng viên được tìm thế nào | B13: Script scripts/analyze_gitbug_test_evidence.py checkout CUT và thư mục test tại commit đã fix, giữ file test nhắc tên CUT mà cùng package, import CUT hoặc dùng tên đầy đủ, rồi đếm số test method (@Test, @ParameterizedTest, …) gọi trực tiếp CUT (new CUT, CUT.x(), biến kiểu CUT gọi method). Xếp hạng theo số test method gọi trực tiếp. Danh sách chỉ là gợi ý; có thể chọn test ngoài danh sách ở cột M.
A14: Sau khi label | B14: Báo lại để chuyển sheet Label thành manual_test_labels.csv, chạy lại normalize_gitbug.py --manual-labels và preflight cho các CUT mới.

Sheet Label
A1: STT | B1: Ưu tiên | C1: Repository | D1: Bug (project_id) | E1: CUT (class_path) | F1: CUT FQN | G1: Mở CUT | H1: Số test đã quét | I1: Số ứng viên | J1: Ứng viên hạng 1 (gợi ý) | K1: Quyết định (PAIRED / NONE) | L1: Chọn ứng viên số (1, 2, …) | M1: Đường dẫn test khác (nếu không có trong ứng viên) | N1: test_class_path (tự tính) | O1: Lý do | P1: Người label | Q1: Người kiểm tra | R1: Kiểm tra đồng ý? (Có / Không) | S1: Ghi chú
A2: 1 | B2: A — repo chưa có CUT qua preflight | C2: Bindambc/whatsapp-business-java-api | D2: Bindambc-whatsapp-business-java-api-362caf5eb33c | E2: src/main/java/com/whatsapp/api/domain/messages/Language.java | F2: com.whatsapp.api.domain.messages.Language | G2: mở | H2: 32 | I2: =COUNTIF('Ứng viên'!$B$2:$B$238,A2) -> 3 | J2: src/test/java/com/whatsapp/api/impl/WhatsappBusinessCloudApiTest.java | K2: PAIRED | L2: 1 | N2: =IF(K2<>"PAIRED","",IF(M2<>"",M2,IF(L2="","",IFERROR(INDEX('Ứng viên'!$D$2:$D$238,MATCH(A2&"-"&L2,'Ứng viên'!$A$2:$A$238,0)),"⚠ số ứng viên không hợp lệ")))) -> src/test/java/com/whatsapp/api/impl/WhatsappBusinessCloudApiTest.java | O2: WhatsappBusinessCloudApiTest.java: 1/14 test method gọi trực tiếp Language (testSendTemplateTextMessage); ví dụ: .setLanguage(new Language(LanguageType.PT_BR))// | P2: dungnthe180616
A3: 2 | B3: A — repo chưa có CUT qua preflight | C3: Bindambc/whatsapp-business-java-api | D3: Bindambc-whatsapp-business-java-api-fd321cb63437 | E3: src/main/java/com/whatsapp/api/domain/templates/QuickReplyButton.java | F3: com.whatsapp.api.domain.templates.QuickReplyButton | G3: mở | H3: 48 | I3: =COUNTIF('Ứng viên'!$B$2:$B$238,A3) -> 4 | J3: src/test/java/com/whatsapp/api/impl/WhatsappBusinessManagementApiTest.java | K3: PAIRED | L3: 1 | N3: =IF(K3<>"PAIRED","",IF(M3<>"",M3,IF(L3="","",IFERROR(INDEX('Ứng viên'!$D$2:$D$238,MATCH(A3&"-"&L3,'Ứng viên'!$A$2:$A$238,0)),"⚠ số ứng viên không hợp lệ")))) -> src/test/java/com/whatsapp/api/impl/WhatsappBusinessManagementApiTest.java | O3: WhatsappBusinessManagementApiTest.java: 4/21 test method gọi trực tiếp QuickReplyButton (testCreateMessageTemplate3, testCreateMessageTemplate4, testCreateMessageTemplateAuthentication); ví dụ: .addButton(new QuickReplyButton("SIM"))// | P3: dungnthe180616
A4: 3 | B4: A — repo chưa có CUT qua preflight | C4: Bindambc/whatsapp-business-java-api | D4: Bindambc-whatsapp-business-java-api-fd321cb63437 | E4: src/main/java/com/whatsapp/api/domain/templates/UrlButton.java | F4: com.whatsapp.api.domain.templates.UrlButton | G4: mở | H4: 48 | I4: =COUNTIF('Ứng viên'!$B$2:$B$238,A4) -> 2 | J4: src/test/java/com/whatsapp/api/impl/WhatsappBusinessManagementApiTest.java | K4: PAIRED | L4: 1 | N4: =IF(K4<>"PAIRED","",IF(M4<>"",M4,IF(L4="","",IFERROR(INDEX('Ứng viên'!$D$2:$D$238,MATCH(A4&"-"&L4,'Ứng viên'!$A$2:$A$238,0)),"⚠ số ứng viên không hợp lệ")))) -> src/test/java/com/whatsapp/api/impl/WhatsappBusinessManagementApiTest.java | O4: WhatsappBusinessManagementApiTest.java: 1/21 test method gọi trực tiếp UrlButton (testCreateMessageTemplateUtility1); ví dụ: .addButton(new UrlButton("Assistir agora")// | P4: dungnthe180616
A5: 4 | B5: A — repo chưa có CUT qua preflight | C5: BrightSpots/rcv | D5: BrightSpots-rcv-688920f27706 | E5: src/main/java/network/brightspots/rcv/Logger.java | F5: network.brightspots.rcv.Logger | G5: mở | H5: 1 | I5: =COUNTIF('Ứng viên'!$B$2:$B$238,A5) -> 1 | J5: src/test/java/network/brightspots/rcv/TabulatorTests.java | K5: NONE | N5: =IF(K5<>"PAIRED","",IF(M5<>"",M5,IF(L5="","",IFERROR(INDEX('Ứng viên'!$D$2:$D$238,MATCH(A5&"-"&L5,'Ứng viên'!$A$2:$A$238,0)),"⚠ số ứng viên không hợp lệ")))) | O5: TabulatorTests.java có nhắc tới Logger nhưng không test method nào gọi trực tiếp Logger (chỉ dùng gián tiếp, qua class khác hoặc làm kiểu dữ liệu). | P5: dungnthe180616
A6: 5 | B6: A — repo chưa có CUT qua preflight | C6: BrightSpots/rcv | D6: BrightSpots-rcv-688920f27706 | E6: src/main/java/network/brightspots/rcv/ResultsWriter.java | F6: network.brightspots.rcv.ResultsWriter | G6: mở | H6: 1 | I6: =COUNTIF('Ứng viên'!$B$2:$B$238,A6) -> 1 | J6: src/test/java/network/brightspots/rcv/TabulatorTests.java | K6: NONE | N6: =IF(K6<>"PAIRED","",IF(M6<>"",M6,IF(L6="","",IFERROR(INDEX('Ứng viên'!$D$2:$D$238,MATCH(A6&"-"&L6,'Ứng viên'!$A$2:$A$238,0)),"⚠ số ứng viên không hợp lệ")))) | O6: TabulatorTests.java có nhắc tới ResultsWriter nhưng không test method nào gọi trực tiếp ResultsWriter (chỉ dùng gián tiếp, qua class khác hoặc làm kiểu dữ liệu). | P6: dungnthe180616
A7: 6 | B7: A — repo chưa có CUT qua preflight | C7: BrightSpots/rcv | D7: BrightSpots-rcv-c80e6272c83a | E7: src/main/java/network/brightspots/rcv/ResultsWriter.java | F7: network.brightspots.rcv.ResultsWriter | G7: mở | H7: 2 | I7: =COUNTIF('Ứng viên'!$B$2:$B$238,A7) -> 1 | J7: src/test/java/network/brightspots/rcv/TabulatorTests.java | K7: NONE | N7: =IF(K7<>"PAIRED","",IF(M7<>"",M7,IF(L7="","",IFERROR(INDEX('Ứng viên'!$D$2:$D$238,MATCH(A7&"-"&L7,'Ứng viên'!$A$2:$A$238,0)),"⚠ số ứng viên không hợp lệ")))) | O7: TabulatorTests.java có nhắc tới ResultsWriter nhưng không test method nào gọi trực tiếp ResultsWriter (chỉ dùng gián tiếp, qua class khác hoặc làm kiểu dữ liệu). | P7: dungnthe180616
A8: 7 | B8: A — repo chưa có CUT qua preflight | C8: IBM/JSONata4Java | D8: IBM-JSONata4Java-1485a41ccf50 | E8: src/main/java/com/api/jsonata4java/expressions/OrderByOperator.java | F8: com.api.jsonata4java.expressions.OrderByOperator | G8: mở | H8: 72 | I8: =COUNTIF('Ứng viên'!$B$2:$B$238,A8) -> 0 | J8: (không tìm thấy test nào nhắc tới CUT) | K8: NONE | N8: =IF(K8<>"PAIRED","",IF(M8<>"",M8,IF(L8="","",IFERROR(INDEX('Ứng viên'!$D$2:$D$238,MATCH(A8&"-"&L8,'Ứng viên'!$A$2:$A$238,0)),"⚠ số ứng viên không hợp lệ")))) | O8: Không có file test nào (trong 72 file đã quét tại commit đã fix) nhắc tới OrderByOperator qua cùng package, import hoặc tên đầy đủ. | P8: dungnthe180616
A9: 8 | B9: A — repo chưa có CUT qua preflight | C9: Moderocky/ByteSkript | D9: Moderocky-ByteSkript-1dce2997df7f | E9: src/main/java/org/byteskript/skript/compiler/DebugSkriptCompiler.java | F9: org.byteskript.skript.compiler.DebugSkriptCompiler | G9: mở | H9: 11 | I9: =COUNTIF('Ứng viên'!$B$2:$B$238,A9) -> 1 | J9: src/test/java/org/byteskript/skript/test/SyntaxTreeTest.java | K9: PAIRED | L9: 1 | N9: =IF(K9<>"PAIRED","",IF(M9<>"",M9,IF(L9="","",IFERROR(INDEX('Ứng viên'!$D$2:$D$238,MATCH(A9&"-"&L9,'Ứng viên'!$A$2:$A$238,0)),"⚠ số ứng viên không hợp lệ")))) -> src/test/java/org/byteskript/skript/test/SyntaxTreeTest.java | O9: SyntaxTreeTest.java: 1/1 test method gọi trực tiếp DebugSkriptCompiler (testRecompile); ví dụ: final Skript skript = new Skript(new DebugSkriptCompiler(stream)); | P9: dungnthe180616
A10: 9 | B10: A — repo chưa có CUT qua preflight | C10: Netflix/frigga | D10: Netflix-frigga-126b52a55863 | E10: src/main/java/com/netflix/frigga/ami/AppVersion.java | F10: com.netflix.frigga.ami.AppVersion | G10: mở | H10: 8 | I10: =COUNTIF('Ứng viên'!$B$2:$B$238,A10) -> 1 | J10: src/test/groovy/com/netflix/frigga/ami/AppVersionTest.groovy | K10: NONE | N10: =IF(K10<>"PAIRED","",IF(M10<>"",M10,IF(L10="","",IFERROR(INDEX('Ứng viên'!$D$2:$D$238,MATCH(A10&"-"&L10,'Ứng viên'!$A$2:$A$238,0)),"⚠ số ứng viên không hợp lệ")))) | O10: Chỉ có test groovy (AppVersionTest.groovy); tiêu chí yêu cầu test Java. | P10: dungnthe180616
A11: 10 | B11: A — repo chưa có CUT qua preflight | C11: YehiaFarghaly/database-engine | D11: YehiaFarghaly-database-engine-8314bfdec0aa | E11: src/main/java/util/validation/Validator.java | F11: util.validation.Validator | G11: mở | H11: 1 | I11: =COUNTIF('Ứng viên'!$B$2:$B$238,A11) -> 0 | J11: (không tìm thấy test nào nhắc tới CUT) | K11: NONE | N11: =IF(K11<>"PAIRED","",IF(M11<>"",M11,IF(L11="","",IFERROR(INDEX('Ứng viên'!$D$2:$D$238,MATCH(A11&"-"&L11,'Ứng viên'!$A$2:$A$238,0)),"⚠ số ứng viên không hợp lệ")))) | O11: Không có file test nào (trong 1 file đã quét tại commit đã fix) nhắc tới Validator qua cùng package, import hoặc tên đầy đủ. | P11: dungnthe180616
A12: 11 | B12: A — repo chưa có CUT qua preflight | C12: YehiaFarghaly/database-engine | D12: YehiaFarghaly-database-engine-c5f961f27373 | E12: src/main/java/util/validation/Validator.java | F12: util.validation.Validator | G12: mở | H12: 1 | I12: =COUNTIF('Ứng viên'!$B$2:$B$238,A12) -> 0 | J12: (không tìm thấy test nào nhắc tới CUT) | K12: NONE | N12: =IF(K12<>"PAIRED","",IF(M12<>"",M12,IF(L12="","",IFERROR(INDEX('Ứng viên'!$D$2:$D$238,MATCH(A12&"-"&L12,'Ứng viên'!$A$2:$A$238,0)),"⚠ số ứng viên không hợp lệ")))) | O12: Không có file test nào (trong 1 file đã quét tại commit đã fix) nhắc tới Validator qua cùng package, import hoặc tên đầy đủ. | P12: dungnthe180616
A13: 12 | B13: A — repo chưa có CUT qua preflight | C13: assertj/assertj-vavr | D13: assertj-assertj-vavr-f4d7f276e87c | E13: src/main/java/org/assertj/vavr/api/AbstractSeqAssert.java | F13: org.assertj.vavr.api.AbstractSeqAssert | G13: mở | H13: 137 | I13: =COUNTIF('Ứng viên'!$B$2:$B$238,A13) -> 0 | J13: (không tìm thấy test nào nhắc tới CUT) | K13: NONE | N13: =IF(K13<>"PAIRED","",IF(M13<>"",M13,IF(L13="","",IFERROR(INDEX('Ứng viên'!$D$2:$D$238,MATCH(A13&"-"&L13,'Ứng viên'!$A$2:$A$238,0)),"⚠ số ứng viên không hợp lệ")))) | O13: Không có file test nào (trong 137 file đã quét tại commit đã fix) nhắc tới AbstractSeqAssert qua cùng package, import hoặc tên đầy đủ. | P13: dungnthe180616
A14: 13 | B14: A — repo chưa có CUT qua preflight | C14: beanshell/beanshell | D14: beanshell-beanshell-7a60a06bb567 | E14: src/main/java/bsh/This.java | F14: bsh.This | G14: mở | H14: 72 | I14: =COUNTIF('Ứng viên'!$B$2:$B$238,A14) -> 6 | J14: src/test/java/bsh/InterpreterConcurrencyTest.java | K14: PAIRED | L14: 1 | N14: =IF(K14<>"PAIRED","",IF(M14<>"",M14,IF(L14="","",IFERROR(INDEX('Ứng viên'!$D$2:$D$238,MATCH(A14&"-"&L14,'Ứng viên'!$A$2:$A$238,0)),"⚠ số ứng viên không hợp lệ")))) -> src/test/java/bsh/InterpreterConcurrencyTest.java | O14: InterpreterConcurrencyTest.java: 4/4 test method gọi trực tiếp This (single_threaded, multi_threaded_callable, multi_threaded_class_generation_garbage_collected); ví dụ: assertEquals("foo", callable.invokeMethod("call", new Object[] { "foo" }));. Chọn file này vì nhiều test method gọi trực tiếp nhất trong 2 file thỏa tiêu chí | P14: dungnthe180616
A15: 14 | B15: A — repo chưa có CUT qua preflight | C15: beanshell/beanshell | D15: beanshell-beanshell-f345606a29bd | E15: src/main/java/bsh/Operators.java | F15: bsh.Operators | G15: mở | H15: 72 | I15: =COUNTIF('Ứng viên'!$B$2:$B$238,A15) -> 0 | J15: (không tìm thấy test nào nhắc tới CUT) | K15: NONE | N15: =IF(K15<>"PAIRED","",IF(M15<>"",M15,IF(L15="","",IFERROR(INDEX('Ứng viên'!$D$2:$D$238,MATCH(A15&"-"&L15,'Ứng viên'!$A$2:$A$238,0)),"⚠ số ứng viên không hợp lệ")))) | O15: Không có file test nào (trong 72 file đã quét tại commit đã fix) nhắc tới Operators qua cùng package, import hoặc tên đầy đủ. | P15: dungnthe180616
A16: 15 | B16: A — repo chưa có CUT qua preflight | C16: bhlangonijr/chesslib | D16: bhlangonijr-chesslib-cf68677eac6d | E16: src/main/java/com/github/bhlangonijr/chesslib/pgn/GameLoader.java | F16: com.github.bhlangonijr.chesslib.pgn.GameLoader | G16: mở | H16: 10 | I16: =COUNTIF('Ứng viên'!$B$2:$B$238,A16) -> 0 | J16: (không tìm thấy test nào nhắc tới CUT) | K16: NONE | N16: =IF(K16<>"PAIRED","",IF(M16<>"",M16,IF(L16="","",IFERROR(INDEX('Ứng viên'!$D$2:$D$238,MATCH(A16&"-"&L16,'Ứng viên'!$A$2:$A$238,0)),"⚠ số ứng viên không hợp lệ")))) | O16: Không có file test nào (trong 10 file đã quét tại commit đã fix) nhắc tới GameLoader qua cùng package, import hoặc tên đầy đủ. | P16: dungnthe180616
A17: 16 | B17: A — repo chưa có CUT qua preflight | C17: cdimascio/dotenv-java | D17: cdimascio-dotenv-java-bbfbcfa63e3a | E17: src/main/java/io/github/cdimascio/dotenv/internal/DotenvParser.java | F17: io.github.cdimascio.dotenv.internal.DotenvParser | G17: mở | H17: 2 | I17: =COUNTIF('Ứng viên'!$B$2:$B$238,A17) -> 0 | J17: (không tìm thấy test nào nhắc tới CUT) | K17: NONE | N17: =IF(K17<>"PAIRED","",IF(M17<>"",M17,IF(L17="","",IFERROR(INDEX('Ứng viên'!$D$2:$D$238,MATCH(A17&"-"&L17,'Ứng viên'!$A$2:$A$238,0)),"⚠ số ứng viên không hợp lệ")))) | O17: Không có file test nào (trong 2 file đã quét tại commit đã fix) nhắc tới DotenvParser qua cùng package, import hoặc tên đầy đủ. | P17: dungnthe180616
A18: 17 | B18: A — repo chưa có CUT qua preflight | C18: cloudsimplus/cloudsimplus | D18: cloudsimplus-cloudsimplus-61c8b942d1ec | E18: src/main/java/org/cloudsimplus/hosts/HostAbstract.java | F18: org.cloudsimplus.hosts.HostAbstract | G18: mở | H18: 57 | I18: =COUNTIF('Ứng viên'!$B$2:$B$238,A18) -> 0 | J18: (không tìm thấy test nào nhắc tới CUT) | K18: NONE | N18: =IF(K18<>"PAIRED","",IF(M18<>"",M18,IF(L18="","",IFERROR(INDEX('Ứng viên'!$D$2:$D$238,MATCH(A18&"-"&L18,'Ứng viên'!$A$2:$A$238,0)),"⚠ số ứng viên không hợp lệ")))) | O18: Không có file test nào (trong 57 file đã quét tại commit đã fix) nhắc tới HostAbstract qua cùng package, import hoặc tên đầy đủ. | P18: dungnthe180616
A19: 18 | B19: A — repo chưa có CUT qua preflight | C19: crowdin/crowdin-api-client-java | D19: crowdin-crowdin-api-client-java-f0f22b2b56d7 | E19: src/main/java/com/crowdin/client/core/http/impl/json/JacksonJsonTransformer.java | F19: com.crowdin.client.core.http.impl.json.JacksonJsonTransformer | G19: mở | H19: 29 | I19: =COUNTIF('Ứng viên'!$B$2:$B$238,A19) -> 1 | J19: src/test/java/com/crowdin/client/framework/TestHttpClient.java | K19: NONE | N19: =IF(K19<>"PAIRED","",IF(M19<>"",M19,IF(L19="","",IFERROR(INDEX('Ứng viên'!$D$2:$D$238,MATCH(A19&"-"&L19,'Ứng viên'!$A$2:$A$238,0)),"⚠ số ứng viên không hợp lệ")))) | O19: Chỉ có file không chứa test method (TestHttpClient.java), ví dụ file Example hoặc lớp hỗ trợ. | P19: dungnthe180616
A20: 19 | B20: A — repo chưa có CUT qua preflight | C20: ezylang/EvalEx | D20: ezylang-EvalEx-7c39c5478a39 | E20: src/main/java/com/ezylang/evalex/parser/Tokenizer.java | F20: com.ezylang.evalex.parser.Tokenizer | G20: mở | H20: 60 | I20: =COUNTIF('Ứng viên'!$B$2:$B$238,A20) -> 10 | J20: src/test/java/com/ezylang/evalex/parser/TokenizerArrayTest.java | K20: PAIRED | L20: 1 | N20: =IF(K20<>"PAIRED","",IF(M20<>"",M20,IF(L20="","",IFERROR(INDEX('Ứng viên'!$D$2:$D$238,MATCH(A20&"-"&L20,'Ứng viên'!$A$2:$A$238,0)),"⚠ số ứng viên không hợp lệ")))) -> src/test/java/com/ezylang/evalex/parser/TokenizerArrayTest.java | O20: TokenizerArrayTest.java: 9/11 test method gọi trực tiếp Tokenizer (testMissingClosingArray, testUnexpectedClosingArray, testOpenArrayNotAllowedBeginning); ví dụ: assertThatThrownBy(() -> new Tokenizer("a[2+4", configuration).parse()). Chọn file này vì nhiều test method gọi trực tiếp nhất trong 9 file thỏa tiêu chí | P20: dungnthe180616
A21: 20 | B21: A — repo chưa có CUT qua preflight | C21: giraud/reasonml-idea-plugin | D21: giraud-reasonml-idea-plugin-11d991db162a | E21: src/main/java/com/reason/ide/structure/StructureViewElement.java | F21: com.reason.ide.structure.StructureViewElement | G21: mở | H21: 184 | I21: =COUNTIF('Ứng viên'!$B$2:$B$238,A21) -> 0 | J21: (không tìm thấy test nào nhắc tới CUT) | K21: NONE | N21: =IF(K21<>"PAIRED","",IF(M21<>"",M21,IF(L21="","",IFERROR(INDEX('Ứng viên'!$D$2:$D$238,MATCH(A21&"-"&L21,'Ứng viên'!$A$2:$A$238,0)),"⚠ số ứng viên không hợp lệ")))) | O21: Không có file test nào (trong 184 file đã quét tại commit đã fix) nhắc tới StructureViewElement qua cùng package, import hoặc tên đầy đủ. | P21: dungnthe180616
A22: 21 | B22: A — repo chưa có CUT qua preflight | C22: giraud/reasonml-idea-plugin | D22: giraud-reasonml-idea-plugin-11d991db162a | E22: src/main/java/com/reason/lang/core/psi/impl/RPsiModuleSignature.java | F22: com.reason.lang.core.psi.impl.RPsiModuleSignature | G22: mở | H22: 184 | I22: =COUNTIF('Ứng viên'!$B$2:$B$238,A22) -> 3 | J22: src/test/java/com/reason/lang/ocaml/ModuleParsingTest.java | K22: PAIRED | L22: 1 | N22: =IF(K22<>"PAIRED","",IF(M22<>"",M22,IF(L22="","",IFERROR(INDEX('Ứng viên'!$D$2:$D$238,MATCH(A22&"-"&L22,'Ứng viên'!$A$2:$A$238,0)),"⚠ số ứng viên không hợp lệ")))) -> src/test/java/com/reason/lang/ocaml/ModuleParsingTest.java | O22: ModuleParsingTest.java: 13/15 test method gọi trực tiếp RPsiModuleSignature (test_empty, test_alias, test_alias_path); ví dụ: assertEquals("M", e.getName()); | P22: dungnthe180616
A23: 22 | B23: A — repo chưa có CUT qua preflight | C23: giraud/reasonml-idea-plugin | D23: giraud-reasonml-idea-plugin-11d991db162a | E23: src/main/java/com/reason/lang/ocaml/OclParser.java | F23: com.reason.lang.ocaml.OclParser | G23: mở | H23: 184 | I23: =COUNTIF('Ứng viên'!$B$2:$B$238,A23) -> 0 | J23: (không tìm thấy test nào nhắc tới CUT) | K23: NONE | N23: =IF(K23<>"PAIRED","",IF(M23<>"",M23,IF(L23="","",IFERROR(INDEX('Ứng viên'!$D$2:$D$238,MATCH(A23&"-"&L23,'Ứng viên'!$A$2:$A$238,0)),"⚠ số ứng viên không hợp lệ")))) | O23: Không có file test nào (trong 184 file đã quét tại commit đã fix) nhắc tới OclParser qua cùng package, import hoặc tên đầy đủ. | P23: dungnthe180616
A24: 23 | B24: A — repo chưa có CUT qua preflight | C24: giraud/reasonml-idea-plugin | D24: giraud-reasonml-idea-plugin-69749af01bcf | E24: src/main/java/com/reason/lang/ocaml/OclParser.java | F24: com.reason.lang.ocaml.OclParser | G24: mở | H24: 184 | I24: =COUNTIF('Ứng viên'!$B$2:$B$238,A24) -> 0 | J24: (không tìm thấy test nào nhắc tới CUT) | K24: NONE | N24: =IF(K24<>"PAIRED","",IF(M24<>"",M24,IF(L24="","",IFERROR(INDEX('Ứng viên'!$D$2:$D$238,MATCH(A24&"-"&L24,'Ứng viên'!$A$2:$A$238,0)),"⚠ số ứng viên không hợp lệ")))) | O24: Không có file test nào (trong 184 file đã quét tại commit đã fix) nhắc tới OclParser qua cùng package, import hoặc tên đầy đủ. | P24: dungnthe180616
A25: 24 | B25: A — repo chưa có CUT qua preflight | C25: giraud/reasonml-idea-plugin | D25: giraud-reasonml-idea-plugin-f665f0fc21e6 | E25: src/main/java/com/reason/lang/rescript/ResParser.java | F25: com.reason.lang.rescript.ResParser | G25: mở | H25: 183 | I25: =COUNTIF('Ứng viên'!$B$2:$B$238,A25) -> 0 | J25: (không tìm thấy test nào nhắc tới CUT) | K25: NONE | N25: =IF(K25<>"PAIRED","",IF(M25<>"",M25,IF(L25="","",IFERROR(INDEX('Ứng viên'!$D$2:$D$238,MATCH(A25&"-"&L25,'Ứng viên'!$A$2:$A$238,0)),"⚠ số ứng viên không hợp lệ")))) | O25: Không có file test nào (trong 183 file đã quét tại commit đã fix) nhắc tới ResParser qua cùng package, import hoặc tên đầy đủ. | P25: dungnthe180616
A26: 25 | B26: A — repo chưa có CUT qua preflight | C26: gitbucket/markedj | D26: gitbucket-markedj-2dce74e12083 | E26: src/main/java/io/github/gitbucket/markedj/Grammer.java | F26: io.github.gitbucket.markedj.Grammer | G26: mở | H26: 1 | I26: =COUNTIF('Ứng viên'!$B$2:$B$238,A26) -> 0 | J26: (không tìm thấy test nào nhắc tới CUT) | K26: NONE | N26: =IF(K26<>"PAIRED","",IF(M26<>"",M26,IF(L26="","",IFERROR(INDEX('Ứng viên'!$D$2:$D$238,MATCH(A26&"-"&L26,'Ứng viên'!$A$2:$A$238,0)),"⚠ số ứng viên không hợp lệ")))) | O26: Không có file test nào (trong 1 file đã quét tại commit đã fix) nhắc tới Grammer qua cùng package, import hoặc tên đầy đủ. | P26: dungnthe180616
A27: 26 | B27: A — repo chưa có CUT qua preflight | C27: jitterted/ensembler | D27: jitterted-ensembler-14a39138787f | E27: src/main/java/com/jitterted/mobreg/domain/Ensemble.java | F27: com.jitterted.mobreg.domain.Ensemble | G27: mở | H27: 67 | I27: =COUNTIF('Ứng viên'!$B$2:$B$238,A27) -> 37 | J27: src/test/java/com/jitterted/mobreg/domain/EnsembleMemberStatusTest.java | K27: PAIRED | L27: 1 | N27: =IF(K27<>"PAIRED","",IF(M27<>"",M27,IF(L27="","",IFERROR(INDEX('Ứng viên'!$D$2:$D$238,MATCH(A27&"-"&L27,'Ứng viên'!$A$2:$A$238,0)),"⚠ số ứng viên không hợp lệ")))) -> src/test/java/com/jitterted/mobreg/domain/EnsembleMemberStatusTest.java | O27: EnsembleMemberStatusTest.java: 13/13 test method gọi trực tiếp Ensemble (unknownMemberAndPastEnsembleThenStatusHidden, unknownMemberAndFutureEnsembleAndHasSpaceThenStatusUnknown, unknownMemberAndFutureEnsembleAndIsFullThenStatusFull); ví dụ: assertThat(pastEnsemble.statusFor(memberId, startDateTime.plusHours(3))) // duration defaults to 1h55m, so 3 h. Chọn file này vì nhiều test method gọi trực tiếp nhất trong 26 file thỏa tiêu chí | P27: dungnthe180616
A28: 27 | B28: A — repo chưa có CUT qua preflight | C28: jitterted/ensembler | D28: jitterted-ensembler-60ec3bf0273b | E28: src/main/java/com/jitterted/mobreg/domain/Ensemble.java | F28: com.jitterted.mobreg.domain.Ensemble | G28: mở | H28: 67 | I28: =COUNTIF('Ứng viên'!$B$2:$B$238,A28) -> 37 | J28: src/test/java/com/jitterted/mobreg/domain/EnsembleMemberStatusTest.java | K28: PAIRED | L28: 1 | N28: =IF(K28<>"PAIRED","",IF(M28<>"",M28,IF(L28="","",IFERROR(INDEX('Ứng viên'!$D$2:$D$238,MATCH(A28&"-"&L28,'Ứng viên'!$A$2:$A$238,0)),"⚠ số ứng viên không hợp lệ")))) -> src/test/java/com/jitterted/mobreg/domain/EnsembleMemberStatusTest.java | O28: EnsembleMemberStatusTest.java: 13/13 test method gọi trực tiếp Ensemble (unknownMemberAndPastEnsembleThenStatusHidden, unknownMemberAndFutureEnsembleAndHasSpaceThenStatusUnknown, unknownMemberAndFutureEnsembleAndIsFullThenStatusFull); ví dụ: assertThat(pastEnsemble.statusFor(memberId, startDateTime.plusHours(3))) // duration defaults to 1h55m, so 3 h. Chọn file này vì nhiều test method gọi trực tiếp nhất trong 26 file thỏa tiêu chí | P28: dungnthe180616
A29: 28 | B29: A — repo chưa có CUT qua preflight | C29: jitterted/ensembler | D29: jitterted-ensembler-6207c9d46460 | E29: src/main/java/com/jitterted/mobreg/domain/Ensemble.java | F29: com.jitterted.mobreg.domain.Ensemble | G29: mở | H29: 67 | I29: =COUNTIF('Ứng viên'!$B$2:$B$238,A29) -> 37 | J29: src/test/java/com/jitterted/mobreg/domain/EnsembleMemberStatusTest.java | K29: PAIRED | L29: 1 | N29: =IF(K29<>"PAIRED","",IF(M29<>"",M29,IF(L29="","",IFERROR(INDEX('Ứng viên'!$D$2:$D$238,MATCH(A29&"-"&L29,'Ứng viên'!$A$2:$A$238,0)),"⚠ số ứng viên không hợp lệ")))) -> src/test/java/com/jitterted/mobreg/domain/EnsembleMemberStatusTest.java | O29: EnsembleMemberStatusTest.java: 13/13 test method gọi trực tiếp Ensemble (unknownMemberAndPastEnsembleThenStatusHidden, unknownMemberAndFutureEnsembleAndHasSpaceThenStatusUnknown, unknownMemberAndFutureEnsembleAndIsFullThenStatusFull); ví dụ: assertThat(pastEnsemble.statusFor(memberId, startDateTime.plusHours(3))) // duration defaults to 1h55m, so 3 h. Chọn file này vì nhiều test method gọi trực tiếp nhất trong 26 file thỏa tiêu chí | P29: dungnthe180616
A30: 29 | B30: A — repo chưa có CUT qua preflight | C30: semver4j/semver4j | D30: semver4j-semver4j-beb7e5d466c7 | E30: src/main/java/org/semver4j/internal/range/processor/XRangeProcessor.java | F30: org.semver4j.internal.range.processor.XRangeProcessor | G30: mở | H30: 9 | I30: =COUNTIF('Ứng viên'!$B$2:$B$238,A30) -> 0 | J30: (không tìm thấy test nào nhắc tới CUT) | K30: NONE | N30: =IF(K30<>"PAIRED","",IF(M30<>"",M30,IF(L30="","",IFERROR(INDEX('Ứng viên'!$D$2:$D$238,MATCH(A30&"-"&L30,'Ứng viên'!$A$2:$A$238,0)),"⚠ số ứng viên không hợp lệ")))) | O30: Không có file test nào (trong 9 file đã quét tại commit đã fix) nhắc tới XRangeProcessor qua cùng package, import hoặc tên đầy đủ. | P30: dungnthe180616
A31: 30 | B31: A — repo chưa có CUT qua preflight | C31: slub/urnlib | D31: slub-urnlib-106be8d1b804 | E31: src/main/java/de/slub/urn/RQF_RFC8141.java | F31: de.slub.urn.RQF_RFC8141 | G31: mở | H31: 17 | I31: =COUNTIF('Ứng viên'!$B$2:$B$238,A31) -> 2 | J31: src/test/java/de/slub/urn/RFC8141ParserTest.java | K31: PAIRED | L31: 1 | N31: =IF(K31<>"PAIRED","",IF(M31<>"",M31,IF(L31="","",IFERROR(INDEX('Ứng viên'!$D$2:$D$238,MATCH(A31&"-"&L31,'Ứng viên'!$A$2:$A$238,0)),"⚠ số ứng viên không hợp lệ")))) -> src/test/java/de/slub/urn/RFC8141ParserTest.java | O31: RFC8141ParserTest.java: 12/14 test method gọi trực tiếp RQF_RFC8141 (R_component_get_parsed_into_resolution_parameter_map, R_component_can_hold_multiple_parameters, Q_component_get_parsed_into_query_parameter_map); ví dụ: Map<String, String> resolutionParameters = rqf.resolutionParameters();. Chọn file này vì nhiều test method gọi trực tiếp nhất trong 2 file thỏa tiêu chí | P31: dungnthe180616
A32: 31 | B32: A — repo chưa có CUT qua preflight | C32: snowflakedb/snowflake-jdbc | D32: snowflakedb-snowflake-jdbc-002bc9bb528a | E32: src/main/java/net/snowflake/client/jdbc/SnowflakeConnectString.java | F32: net.snowflake.client.jdbc.SnowflakeConnectString | G32: mở | H32: 183 | I32: =COUNTIF('Ứng viên'!$B$2:$B$238,A32) -> 4 | J32: src/test/java/net/snowflake/client/jdbc/ConnectStringParseTest.java | K32: PAIRED | L32: 1 | N32: =IF(K32<>"PAIRED","",IF(M32<>"",M32,IF(L32="","",IFERROR(INDEX('Ứng viên'!$D$2:$D$238,MATCH(A32&"-"&L32,'Ứng viên'!$A$2:$A$238,0)),"⚠ số ứng viên không hợp lệ")))) -> src/test/java/net/snowflake/client/jdbc/ConnectStringParseTest.java | O32: ConnectStringParseTest.java: 2/2 test method gọi trực tiếp SnowflakeConnectString (testParseAccountName, testParseWithIllegalUriCharacters); ví dụ: SnowflakeConnectString cstring = SnowflakeConnectString.parse(jdbcConnectString, info);. Chọn file này vì nhiều test method gọi trực tiếp nhất trong 3 file thỏa tiêu chí | P32: dungnthe180616
A33: 32 | B33: A — repo chưa có CUT qua preflight | C33: snowflakedb/snowflake-jdbc | D33: snowflakedb-snowflake-jdbc-15a45aca6bcd | E33: src/main/java/net/snowflake/client/jdbc/SnowflakeFileTransferAgent.java | F33: net.snowflake.client.jdbc.SnowflakeFileTransferAgent | G33: mở | H33: 189 | I33: =COUNTIF('Ứng viên'!$B$2:$B$238,A33) -> 10 | J33: src/test/java/net/snowflake/client/jdbc/FileUploaderLatestIT.java | K33: PAIRED | L33: 2 | N33: =IF(K33<>"PAIRED","",IF(M33<>"",M33,IF(L33="","",IFERROR(INDEX('Ứng viên'!$D$2:$D$238,MATCH(A33&"-"&L33,'Ứng viên'!$A$2:$A$238,0)),"⚠ số ứng viên không hợp lệ")))) -> src/test/java/net/snowflake/client/jdbc/FileUploaderSessionlessTest.java | O33: FileUploaderSessionlessTest.java: 15/15 test method gọi trực tiếp SnowflakeFileTransferAgent (testGetEncryptionMaterialMissing, testGetEncryptionMaterial, testGetS3StageData); ví dụ: SnowflakeFileTransferAgent.getEncryptionMaterial(. Chọn file này vì nhiều test method gọi trực tiếp nhất trong 3 file thỏa tiêu chí; bỏ qua FileUploaderLatestIT.java vì là integration test (*IT) | P33: dungnthe180616
A34: 33 | B34: A — repo chưa có CUT qua preflight | C34: spring-projects/spring-guice | D34: spring-projects-spring-guice-ce15b8e5802a | E34: src/main/java/org/springframework/guice/module/SpringModule.java | F34: org.springframework.guice.module.SpringModule | G34: mở | H34: 36 | I34: =COUNTIF('Ứng viên'!$B$2:$B$238,A34) -> 7 | J34: src/test/java/org/springframework/guice/module/SpringModuleGuiceBindingAwareTests.java | K34: PAIRED | L34: 1 | N34: =IF(K34<>"PAIRED","",IF(M34<>"",M34,IF(L34="","",IFERROR(INDEX('Ứng viên'!$D$2:$D$238,MATCH(A34&"-"&L34,'Ứng viên'!$A$2:$A$238,0)),"⚠ số ứng viên không hợp lệ")))) -> src/test/java/org/springframework/guice/module/SpringModuleGuiceBindingAwareTests.java | O34: SpringModuleGuiceBindingAwareTests.java: 1/1 test method gọi trực tiếp SpringModule (testAllDependenciesInjectedAndLifeycleMethodsCalledOnce); ví dụ: new SpringModule(BeanFactoryProvider.from(GuiceProjectWithSpringLibraryTestSpringConfig.class)));. Chọn file này vì nhiều test method gọi trực tiếp nhất trong 2 file thỏa tiêu chí | P34: dungnthe180616
A35: 34 | B35: A — repo chưa có CUT qua preflight | C35: st-tu-dresden/salespoint | D35: st-tu-dresden-salespoint-85a764f892aa | E35: src/main/java/org/salespointframework/accountancy/PersistentAccountancy.java | F35: org.salespointframework.accountancy.PersistentAccountancy | G35: mở | H35: 68 | I35: =COUNTIF('Ứng viên'!$B$2:$B$238,A35) -> 0 | J35: (không tìm thấy test nào nhắc tới CUT) | K35: NONE | N35: =IF(K35<>"PAIRED","",IF(M35<>"",M35,IF(L35="","",IFERROR(INDEX('Ứng viên'!$D$2:$D$238,MATCH(A35&"-"&L35,'Ứng viên'!$A$2:$A$238,0)),"⚠ số ứng viên không hợp lệ")))) | O35: Không có file test nào (trong 68 file đã quét tại commit đã fix) nhắc tới PersistentAccountancy qua cùng package, import hoặc tên đầy đủ. | P35: dungnthe180616
A36: 35 | B36: A — repo chưa có CUT qua preflight | C36: vmzakharov/dataframe-ec | D36: vmzakharov-dataframe-ec-12af99192d24 | E36: src/main/java/io/github/vmzakharov/ecdataframe/dsl/value/StringValue.java | F36: io.github.vmzakharov.ecdataframe.dsl.value.StringValue | G36: mở | H36: 65 | I36: =COUNTIF('Ứng viên'!$B$2:$B$238,A36) -> 8 | J36: src/test/java/io/github/vmzakharov/ecdataframe/dsl/ObjectValueCompareOpTest.java | K36: PAIRED | L36: 1 | N36: =IF(K36<>"PAIRED","",IF(M36<>"",M36,IF(L36="","",IFERROR(INDEX('Ứng viên'!$D$2:$D$238,MATCH(A36&"-"&L36,'Ứng viên'!$A$2:$A$238,0)),"⚠ số ứng viên không hợp lệ")))) -> src/test/java/io/github/vmzakharov/ecdataframe/dsl/ObjectValueCompareOpTest.java | O36: ObjectValueCompareOpTest.java: 5/11 test method gọi trực tiếp StringValue (stringEq, stringGt, stringLt); ví dụ: Assert.assertTrue(ExpressionTestUtil.evaluate(ComparisonOp.EQ, new StringValue("Foo"), new StringValue("Foo")). Chọn file này vì nhiều test method gọi trực tiếp nhất trong 8 file thỏa tiêu chí | P36: dungnthe180616
A37: 36 | B37: A — repo chưa có CUT qua preflight | C37: vmzakharov/dataframe-ec | D37: vmzakharov-dataframe-ec-e9eb4dbe0e70 | E37: src/main/java/io/github/vmzakharov/ecdataframe/dataframe/compare/ComparisonResult.java | F37: io.github.vmzakharov.ecdataframe.dataframe.compare.ComparisonResult | G37: mở | H37: 68 | I37: =COUNTIF('Ứng viên'!$B$2:$B$238,A37) -> 0 | J37: (không tìm thấy test nào nhắc tới CUT) | K37: NONE | N37: =IF(K37<>"PAIRED","",IF(M37<>"",M37,IF(L37="","",IFERROR(INDEX('Ứng viên'!$D$2:$D$238,MATCH(A37&"-"&L37,'Ứng viên'!$A$2:$A$238,0)),"⚠ số ứng viên không hợp lệ")))) | O37: Không có file test nào (trong 68 file đã quét tại commit đã fix) nhắc tới ComparisonResult qua cùng package, import hoặc tên đầy đủ. | P37: dungnthe180616
A38: 37 | B38: A — repo chưa có CUT qua preflight | C38: w3c/epubcheck | D38: w3c-epubcheck-0759a82ae407 | E38: src/main/java/com/adobe/epubcheck/opf/OPFChecker30.java | F38: com.adobe.epubcheck.opf.OPFChecker30 | G38: mở | H38: 29 | I38: =COUNTIF('Ứng viên'!$B$2:$B$238,A38) -> 1 | J38: src/test/java/org/w3c/epubcheck/test/ExecutionSteps.java | K38: NONE | N38: =IF(K38<>"PAIRED","",IF(M38<>"",M38,IF(L38="","",IFERROR(INDEX('Ứng viên'!$D$2:$D$238,MATCH(A38&"-"&L38,'Ứng viên'!$A$2:$A$238,0)),"⚠ số ứng viên không hợp lệ")))) | O38: Chỉ có file không chứa test method (ExecutionSteps.java), ví dụ file Example hoặc lớp hỗ trợ. | P38: dungnthe180616
A39: 38 | B39: A — repo chưa có CUT qua preflight | C39: w3c/epubcheck | D39: w3c-epubcheck-0759a82ae407 | E39: src/main/java/com/adobe/epubcheck/ops/OPSHandler30.java | F39: com.adobe.epubcheck.ops.OPSHandler30 | G39: mở | H39: 29 | I39: =COUNTIF('Ứng viên'!$B$2:$B$238,A39) -> 0 | J39: (không tìm thấy test nào nhắc tới CUT) | K39: NONE | N39: =IF(K39<>"PAIRED","",IF(M39<>"",M39,IF(L39="","",IFERROR(INDEX('Ứng viên'!$D$2:$D$238,MATCH(A39&"-"&L39,'Ứng viên'!$A$2:$A$238,0)),"⚠ số ứng viên không hợp lệ")))) | O39: Không có file test nào (trong 29 file đã quét tại commit đã fix) nhắc tới OPSHandler30 qua cùng package, import hoặc tên đầy đủ. | P39: dungnthe180616
A40: 39 | B40: A — repo chưa có CUT qua preflight | C40: w3c/epubcheck | D40: w3c-epubcheck-49aacb238c3e | E40: src/main/java/com/adobe/epubcheck/tool/EpubChecker.java | F40: com.adobe.epubcheck.tool.EpubChecker | G40: mở | H40: 30 | I40: =COUNTIF('Ứng viên'!$B$2:$B$238,A40) -> 0 | J40: (không tìm thấy test nào nhắc tới CUT) | K40: NONE | N40: =IF(K40<>"PAIRED","",IF(M40<>"",M40,IF(L40="","",IFERROR(INDEX('Ứng viên'!$D$2:$D$238,MATCH(A40&"-"&L40,'Ứng viên'!$A$2:$A$238,0)),"⚠ số ứng viên không hợp lệ")))) | O40: Không có file test nào (trong 30 file đã quét tại commit đã fix) nhắc tới EpubChecker qua cùng package, import hoặc tên đầy đủ. | P40: dungnthe180616
A41: 40 | B41: A — repo chưa có CUT qua preflight | C41: w3c/epubcheck | D41: w3c-epubcheck-7804c78a53f2 | E41: src/main/java/org/w3c/epubcheck/core/references/ResourceReferencesChecker.java | F41: org.w3c.epubcheck.core.references.ResourceReferencesChecker | G41: mở | H41: 30 | I41: =COUNTIF('Ứng viên'!$B$2:$B$238,A41) -> 0 | J41: (không tìm thấy test nào nhắc tới CUT) | K41: NONE | N41: =IF(K41<>"PAIRED","",IF(M41<>"",M41,IF(L41="","",IFERROR(INDEX('Ứng viên'!$D$2:$D$238,MATCH(A41&"-"&L41,'Ứng viên'!$A$2:$A$238,0)),"⚠ số ứng viên không hợp lệ")))) | O41: Không có file test nào (trong 30 file đã quét tại commit đã fix) nhắc tới ResourceReferencesChecker qua cùng package, import hoặc tên đầy đủ. | P41: dungnthe180616
A42: 41 | B42: A — repo chưa có CUT qua preflight | C42: wmixvideo/nfe | D42: wmixvideo-nfe-67518e14db7e | E42: src/main/java/com/fincatto/documentofiscal/mdfe3/classes/nota/MDFInfoModalRodoviarioVeiculoReboque.java | F42: com.fincatto.documentofiscal.mdfe3.classes.nota.MDFInfoModalRodoviarioVeiculoReboque | G42: mở | H42: 495 | I42: =COUNTIF('Ứng viên'!$B$2:$B$238,A42) -> 1 | J42: src/test/java/com/fincatto/documentofiscal/mdfe3/FabricaDeObjetosFakeMDFe.java | K42: NONE | N42: =IF(K42<>"PAIRED","",IF(M42<>"",M42,IF(L42="","",IFERROR(INDEX('Ứng viên'!$D$2:$D$238,MATCH(A42&"-"&L42,'Ứng viên'!$A$2:$A$238,0)),"⚠ số ứng viên không hợp lệ")))) | O42: Chỉ có file không chứa test method (FabricaDeObjetosFakeMDFe.java), ví dụ file Example hoặc lớp hỗ trợ. | P42: dungnthe180616
A43: 42 | B43: A — repo chưa có CUT qua preflight | C43: xtremexp/UT4X-Converter | D43: xtremexp-UT4X-Converter-e16bad18b562 | E43: src/main/java/org/xtx/ut4converter/t3d/T3DSimpleProperty.java | F43: org.xtx.ut4converter.t3d.T3DSimpleProperty | G43: mở | H43: 26 | I43: =COUNTIF('Ứng viên'!$B$2:$B$238,A43) -> 0 | J43: (không tìm thấy test nào nhắc tới CUT) | K43: NONE | N43: =IF(K43<>"PAIRED","",IF(M43<>"",M43,IF(L43="","",IFERROR(INDEX('Ứng viên'!$D$2:$D$238,MATCH(A43&"-"&L43,'Ứng viên'!$A$2:$A$238,0)),"⚠ số ứng viên không hợp lệ")))) | O43: Không có file test nào (trong 26 file đã quét tại commit đã fix) nhắc tới T3DSimpleProperty qua cùng package, import hoặc tên đầy đủ. | P43: dungnthe180616
A44: 43 | B44: A — repo chưa có CUT qua preflight | C44: xtremexp/UT4X-Converter | D44: xtremexp-UT4X-Converter-e719841eb260 | E44: src/main/java/org/xtx/ut4converter/t3d/T3DActor.java | F44: org.xtx.ut4converter.t3d.T3DActor | G44: mở | H44: 25 | I44: =COUNTIF('Ứng viên'!$B$2:$B$238,A44) -> 3 | J44: src/test/java/org/xtx/ut4converter/t3d/T3DUE2TerrainTest.java | K44: NONE | N44: =IF(K44<>"PAIRED","",IF(M44<>"",M44,IF(L44="","",IFERROR(INDEX('Ứng viên'!$D$2:$D$238,MATCH(A44&"-"&L44,'Ứng viên'!$A$2:$A$238,0)),"⚠ số ứng viên không hợp lệ")))) | O44: T3DUE2TerrainTest.java, T3DTestUtils.java, T3DUE3TerrainTest.java có nhắc tới T3DActor nhưng không test method nào gọi trực tiếp T3DActor (chỉ dùng gián tiếp, qua class khác hoặc làm kiểu dữ liệu). | P44: dungnthe180616
A45: 44 | B45: B — repo đã có CUT qua preflight | C45: GoSimpleLLC/nbvcxz | D45: GoSimpleLLC-nbvcxz-ee8d5c62f4fb | E45: src/main/java/me/gosimple/nbvcxz/resources/ConfigurationBuilder.java | F45: me.gosimple.nbvcxz.resources.ConfigurationBuilder | G45: mở | H45: 20 | I45: =COUNTIF('Ứng viên'!$B$2:$B$238,A45) -> 16 | J45: src/test/java/me/gosimple/nbvcxz/NbvcxzTest.java | K45: PAIRED | L45: 1 | N45: =IF(K45<>"PAIRED","",IF(M45<>"",M45,IF(L45="","",IFERROR(INDEX('Ứng viên'!$D$2:$D$238,MATCH(A45&"-"&L45,'Ứng viên'!$A$2:$A$238,0)),"⚠ số ứng viên không hợp lệ")))) -> src/test/java/me/gosimple/nbvcxz/NbvcxzTest.java | O45: NbvcxzTest.java: 2/4 test method gọi trực tiếp ConfigurationBuilder (testExcludeDictionary, testMaxLength); ví dụ: List<Dictionary> dictionaryList = ConfigurationBuilder.getDefaultDictionaries();. Chọn file này vì nhiều test method gọi trực tiếp nhất trong 7 file thỏa tiêu chí | P45: dungnthe180616
A46: 45 | B46: B — repo đã có CUT qua preflight | C46: GoSimpleLLC/nbvcxz | D46: GoSimpleLLC-nbvcxz-ee8d5c62f4fb | E46: src/main/java/me/gosimple/nbvcxz/resources/Dictionary.java | F46: me.gosimple.nbvcxz.resources.Dictionary | G46: mở | H46: 20 | I46: =COUNTIF('Ứng viên'!$B$2:$B$238,A46) -> 2 | J46: src/test/java/me/gosimple/nbvcxz/NbvcxzTest.java | K46: NONE | N46: =IF(K46<>"PAIRED","",IF(M46<>"",M46,IF(L46="","",IFERROR(INDEX('Ứng viên'!$D$2:$D$238,MATCH(A46&"-"&L46,'Ứng viên'!$A$2:$A$238,0)),"⚠ số ứng viên không hợp lệ")))) | O46: NbvcxzTest.java, DictionaryMatcherTest.java có nhắc tới Dictionary nhưng không test method nào gọi trực tiếp Dictionary (chỉ dùng gián tiếp, qua class khác hoặc làm kiểu dữ liệu). | P46: dungnthe180616
A47: 46 | B47: B — repo đã có CUT qua preflight | C47: adoble/adr-j | D47: adoble-adr-j-7fe616c55a5b | E47: src/main/java/org/doble/commands/CommandADR.java | F47: org.doble.commands.CommandADR | G47: mở | H47: 18 | I47: =COUNTIF('Ứng viên'!$B$2:$B$238,A47) -> 0 | J47: (không tìm thấy test nào nhắc tới CUT) | K47: NONE | N47: =IF(K47<>"PAIRED","",IF(M47<>"",M47,IF(L47="","",IFERROR(INDEX('Ứng viên'!$D$2:$D$238,MATCH(A47&"-"&L47,'Ứng viên'!$A$2:$A$238,0)),"⚠ số ứng viên không hợp lệ")))) | O47: Không có file test nào (trong 18 file đã quét tại commit đã fix) nhắc tới CommandADR qua cùng package, import hoặc tên đầy đủ. | P47: dungnthe180616
A48: 47 | B48: B — repo đã có CUT qua preflight | C48: adoble/adr-j | D48: adoble-adr-j-7fe616c55a5b | E48: src/main/java/org/doble/commands/CommandVersion.java | F48: org.doble.commands.CommandVersion | G48: mở | H48: 18 | I48: =COUNTIF('Ứng viên'!$B$2:$B$238,A48) -> 0 | J48: (không tìm thấy test nào nhắc tới CUT) | K48: NONE | N48: =IF(K48<>"PAIRED","",IF(M48<>"",M48,IF(L48="","",IFERROR(INDEX('Ứng viên'!$D$2:$D$238,MATCH(A48&"-"&L48,'Ứng viên'!$A$2:$A$238,0)),"⚠ số ứng viên không hợp lệ")))) | O48: Không có file test nào (trong 18 file đã quét tại commit đã fix) nhắc tới CommandVersion qua cùng package, import hoặc tên đầy đủ. | P48: dungnthe180616
A49: 48 | B49: B — repo đã có CUT qua preflight | C49: jhy/jsoup | D49: jhy-jsoup-0121311b1bd5 | E49: src/main/java/org/jsoup/helper/UrlBuilder.java | F49: org.jsoup.helper.UrlBuilder | G49: mở | H49: 62 | I49: =COUNTIF('Ứng viên'!$B$2:$B$238,A49) -> 1 | J49: src/test/java/org/jsoup/helper/HttpConnectionTest.java | K49: PAIRED | L49: 1 | N49: =IF(K49<>"PAIRED","",IF(M49<>"",M49,IF(L49="","",IFERROR(INDEX('Ứng viên'!$D$2:$D$238,MATCH(A49&"-"&L49,'Ứng viên'!$A$2:$A$238,0)),"⚠ số ứng viên không hợp lệ")))) -> src/test/java/org/jsoup/helper/HttpConnectionTest.java | O49: HttpConnectionTest.java: 2/30 test method gọi trực tiếp UrlBuilder (encodeUrl, encodedUrlDoesntDoubleEncode); ví dụ: URL url2 = new UrlBuilder(url1).build(); | P49: dungnthe180616
A50: 49 | B50: B — repo đã có CUT qua preflight | C50: jhy/jsoup | D50: jhy-jsoup-1657e8fd6588 | E50: src/main/java/org/jsoup/nodes/DataNode.java | F50: org.jsoup.nodes.DataNode | G50: mở | H50: 62 | I50: =COUNTIF('Ứng viên'!$B$2:$B$238,A50) -> 4 | J50: src/test/java/org/jsoup/nodes/ElementTest.java | K50: PAIRED | L50: 1 | N50: =IF(K50<>"PAIRED","",IF(M50<>"",M50,IF(L50="","",IFERROR(INDEX('Ứng viên'!$D$2:$D$238,MATCH(A50&"-"&L50,'Ứng viên'!$A$2:$A$238,0)),"⚠ số ứng viên không hợp lệ")))) -> src/test/java/org/jsoup/nodes/ElementTest.java | O50: ElementTest.java: 1/198 test method gọi trực tiếp DataNode (datanodesOutputCdataInXhtml); ví dụ: assertEquals("1 && 2", scriptDataNode.getWholeData());. Chọn file này vì nhiều test method gọi trực tiếp nhất trong 4 file thỏa tiêu chí | P50: dungnthe180616
A51: 50 | B51: B — repo đã có CUT qua preflight | C51: jhy/jsoup | D51: jhy-jsoup-1e69577e358c | E51: src/main/java/org/jsoup/helper/UrlBuilder.java | F51: org.jsoup.helper.UrlBuilder | G51: mở | H51: 62 | I51: =COUNTIF('Ứng viên'!$B$2:$B$238,A51) -> 1 | J51: src/test/java/org/jsoup/helper/HttpConnectionTest.java | K51: PAIRED | L51: 1 | N51: =IF(K51<>"PAIRED","",IF(M51<>"",M51,IF(L51="","",IFERROR(INDEX('Ứng viên'!$D$2:$D$238,MATCH(A51&"-"&L51,'Ứng viên'!$A$2:$A$238,0)),"⚠ số ứng viên không hợp lệ")))) -> src/test/java/org/jsoup/helper/HttpConnectionTest.java | O51: HttpConnectionTest.java: 2/32 test method gọi trực tiếp UrlBuilder (encodeUrl, encodedUrlDoesntDoubleEncode); ví dụ: URL url2 = new UrlBuilder(url1).build(); | P51: dungnthe180616
A52: 51 | B52: B — repo đã có CUT qua preflight | C52: jhy/jsoup | D52: jhy-jsoup-2a4a9cf83dea | E52: src/main/java/org/jsoup/select/StructuralEvaluator.java | F52: org.jsoup.select.StructuralEvaluator | G52: mở | H52: 62 | I52: =COUNTIF('Ứng viên'!$B$2:$B$238,A52) -> 2 | J52: src/test/java/org/jsoup/select/SelectorTest.java | K52: NONE | N52: =IF(K52<>"PAIRED","",IF(M52<>"",M52,IF(L52="","",IFERROR(INDEX('Ứng viên'!$D$2:$D$238,MATCH(A52&"-"&L52,'Ứng viên'!$A$2:$A$238,0)),"⚠ số ứng viên không hợp lệ")))) | O52: SelectorTest.java, QueryParserTest.java có nhắc tới StructuralEvaluator nhưng không test method nào gọi trực tiếp StructuralEvaluator (chỉ dùng gián tiếp, qua class khác hoặc làm kiểu dữ liệu). | P52: dungnthe180616
A53: 52 | B53: B — repo đã có CUT qua preflight | C53: jhy/jsoup | D53: jhy-jsoup-6ccd158754e2 | E53: src/main/java/org/jsoup/helper/UrlBuilder.java | F53: org.jsoup.helper.UrlBuilder | G53: mở | H53: 62 | I53: =COUNTIF('Ứng viên'!$B$2:$B$238,A53) -> 1 | J53: src/test/java/org/jsoup/helper/HttpConnectionTest.java | K53: PAIRED | L53: 1 | N53: =IF(K53<>"PAIRED","",IF(M53<>"",M53,IF(L53="","",IFERROR(INDEX('Ứng viên'!$D$2:$D$238,MATCH(A53&"-"&L53,'Ứng viên'!$A$2:$A$238,0)),"⚠ số ứng viên không hợp lệ")))) -> src/test/java/org/jsoup/helper/HttpConnectionTest.java | O53: HttpConnectionTest.java: 4/35 test method gọi trực tiếp UrlBuilder (encodeUrl, encodeUrlSupplementary, encodedUrlDoesntDoubleEncode); ví dụ: URL url2 = new UrlBuilder(url1).build(); | P53: dungnthe180616
A54: 53 | B54: B — repo đã có CUT qua preflight | C54: jhy/jsoup | D54: jhy-jsoup-9de27fa7cd82 | E54: src/main/java/org/jsoup/Connection.java | F54: org.jsoup.Connection | G54: mở | H54: 62 | I54: =COUNTIF('Ứng viên'!$B$2:$B$238,A54) -> 8 | J54: src/test/java/org/jsoup/helper/HttpConnectionTest.java | K54: PAIRED | L54: 1 | N54: =IF(K54<>"PAIRED","",IF(M54<>"",M54,IF(L54="","",IFERROR(INDEX('Ứng viên'!$D$2:$D$238,MATCH(A54&"-"&L54,'Ứng viên'!$A$2:$A$238,0)),"⚠ số ứng viên không hợp lệ")))) -> src/test/java/org/jsoup/helper/HttpConnectionTest.java | O54: HttpConnectionTest.java: 23/34 test method gọi trực tiếp Connection (canCreateEmptyConnection, throwsExceptionOnResponseWithoutExecute, throwsExceptionOnParseWithoutExecute); ví dụ: assertEquals(Connection.Method.GET, con.request().method());. Chọn file này vì nhiều test method gọi trực tiếp nhất trong 5 file thỏa tiêu chí | P54: dungnthe180616
A55: 54 | B55: B — repo đã có CUT qua preflight | C55: jhy/jsoup | D55: jhy-jsoup-c93ea51dabfb | E55: src/main/java/org/jsoup/parser/Token.java | F55: org.jsoup.parser.Token | G55: mở | H55: 62 | I55: =COUNTIF('Ứng viên'!$B$2:$B$238,A55) -> 2 | J55: src/test/java/org/jsoup/parser/HtmlParserTest.java | K55: NONE | N55: =IF(K55<>"PAIRED","",IF(M55<>"",M55,IF(L55="","",IFERROR(INDEX('Ứng viên'!$D$2:$D$238,MATCH(A55&"-"&L55,'Ứng viên'!$A$2:$A$238,0)),"⚠ số ứng viên không hợp lệ")))) | O55: HtmlParserTest.java, TokenQueueTest.java có nhắc tới Token nhưng không test method nào gọi trực tiếp Token (chỉ dùng gián tiếp, qua class khác hoặc làm kiểu dữ liệu). | P55: dungnthe180616
A56: 55 | B56: B — repo đã có CUT qua preflight | C56: mthmulders/mcs | D56: mthmulders-mcs-7c8b5bc9c7f2 | E56: src/main/java/it/mulders/mcs/search/printer/BuildrOutput.java | F56: it.mulders.mcs.search.printer.BuildrOutput | G56: mở | H56: 18 | I56: =COUNTIF('Ứng viên'!$B$2:$B$238,A56) -> 2 | J56: src/test/java/it/mulders/mcs/search/FormatTypeTest.java | K56: NONE | N56: =IF(K56<>"PAIRED","",IF(M56<>"",M56,IF(L56="","",IFERROR(INDEX('Ứng viên'!$D$2:$D$238,MATCH(A56&"-"&L56,'Ứng viên'!$A$2:$A$238,0)),"⚠ số ứng viên không hợp lệ")))) | O56: FormatTypeTest.java, CoordinatePrinterTest.java có nhắc tới BuildrOutput nhưng không test method nào gọi trực tiếp BuildrOutput (chỉ dùng gián tiếp, qua class khác hoặc làm kiểu dữ liệu). | P56: dungnthe180616
A57: 56 | B57: B — repo đã có CUT qua preflight | C57: mthmulders/mcs | D57: mthmulders-mcs-7c8b5bc9c7f2 | E57: src/main/java/it/mulders/mcs/search/printer/GradleGroovyOutput.java | F57: it.mulders.mcs.search.printer.GradleGroovyOutput | G57: mở | H57: 18 | I57: =COUNTIF('Ứng viên'!$B$2:$B$238,A57) -> 2 | J57: src/test/java/it/mulders/mcs/search/FormatTypeTest.java | K57: NONE | N57: =IF(K57<>"PAIRED","",IF(M57<>"",M57,IF(L57="","",IFERROR(INDEX('Ứng viên'!$D$2:$D$238,MATCH(A57&"-"&L57,'Ứng viên'!$A$2:$A$238,0)),"⚠ số ứng viên không hợp lệ")))) | O57: FormatTypeTest.java, CoordinatePrinterTest.java có nhắc tới GradleGroovyOutput nhưng không test method nào gọi trực tiếp GradleGroovyOutput (chỉ dùng gián tiếp, qua class khác hoặc làm kiểu dữ liệu). | P57: dungnthe180616
A58: 57 | B58: B — repo đã có CUT qua preflight | C58: mthmulders/mcs | D58: mthmulders-mcs-7c8b5bc9c7f2 | E58: src/main/java/it/mulders/mcs/search/printer/GradleGroovyShortOutput.java | F58: it.mulders.mcs.search.printer.GradleGroovyShortOutput | G58: mở | H58: 18 | I58: =COUNTIF('Ứng viên'!$B$2:$B$238,A58) -> 2 | J58: src/test/java/it/mulders/mcs/search/FormatTypeTest.java | K58: NONE | N58: =IF(K58<>"PAIRED","",IF(M58<>"",M58,IF(L58="","",IFERROR(INDEX('Ứng viên'!$D$2:$D$238,MATCH(A58&"-"&L58,'Ứng viên'!$A$2:$A$238,0)),"⚠ số ứng viên không hợp lệ")))) | O58: FormatTypeTest.java, CoordinatePrinterTest.java có nhắc tới GradleGroovyShortOutput nhưng không test method nào gọi trực tiếp GradleGroovyShortOutput (chỉ dùng gián tiếp, qua class khác hoặc làm kiểu dữ liệu). | P58: dungnthe180616
A59: 58 | B59: B — repo đã có CUT qua preflight | C59: mthmulders/mcs | D59: mthmulders-mcs-7c8b5bc9c7f2 | E59: src/main/java/it/mulders/mcs/search/printer/GradleKotlinOutput.java | F59: it.mulders.mcs.search.printer.GradleKotlinOutput | G59: mở | H59: 18 | I59: =COUNTIF('Ứng viên'!$B$2:$B$238,A59) -> 2 | J59: src/test/java/it/mulders/mcs/search/FormatTypeTest.java | K59: NONE | N59: =IF(K59<>"PAIRED","",IF(M59<>"",M59,IF(L59="","",IFERROR(INDEX('Ứng viên'!$D$2:$D$238,MATCH(A59&"-"&L59,'Ứng viên'!$A$2:$A$238,0)),"⚠ số ứng viên không hợp lệ")))) | O59: FormatTypeTest.java, CoordinatePrinterTest.java có nhắc tới GradleKotlinOutput nhưng không test method nào gọi trực tiếp GradleKotlinOutput (chỉ dùng gián tiếp, qua class khác hoặc làm kiểu dữ liệu). | P59: dungnthe180616
A60: 59 | B60: B — repo đã có CUT qua preflight | C60: mthmulders/mcs | D60: mthmulders-mcs-7c8b5bc9c7f2 | E60: src/main/java/it/mulders/mcs/search/printer/GrapeOutput.java | F60: it.mulders.mcs.search.printer.GrapeOutput | G60: mở | H60: 18 | I60: =COUNTIF('Ứng viên'!$B$2:$B$238,A60) -> 2 | J60: src/test/java/it/mulders/mcs/search/FormatTypeTest.java | K60: NONE | N60: =IF(K60<>"PAIRED","",IF(M60<>"",M60,IF(L60="","",IFERROR(INDEX('Ứng viên'!$D$2:$D$238,MATCH(A60&"-"&L60,'Ứng viên'!$A$2:$A$238,0)),"⚠ số ứng viên không hợp lệ")))) | O60: FormatTypeTest.java, CoordinatePrinterTest.java có nhắc tới GrapeOutput nhưng không test method nào gọi trực tiếp GrapeOutput (chỉ dùng gián tiếp, qua class khác hoặc làm kiểu dữ liệu). | P60: dungnthe180616
A61: 60 | B61: B — repo đã có CUT qua preflight | C61: mthmulders/mcs | D61: mthmulders-mcs-7c8b5bc9c7f2 | E61: src/main/java/it/mulders/mcs/search/printer/IvyXmlOutput.java | F61: it.mulders.mcs.search.printer.IvyXmlOutput | G61: mở | H61: 18 | I61: =COUNTIF('Ứng viên'!$B$2:$B$238,A61) -> 2 | J61: src/test/java/it/mulders/mcs/search/FormatTypeTest.java | K61: NONE | N61: =IF(K61<>"PAIRED","",IF(M61<>"",M61,IF(L61="","",IFERROR(INDEX('Ứng viên'!$D$2:$D$238,MATCH(A61&"-"&L61,'Ứng viên'!$A$2:$A$238,0)),"⚠ số ứng viên không hợp lệ")))) | O61: FormatTypeTest.java, CoordinatePrinterTest.java có nhắc tới IvyXmlOutput nhưng không test method nào gọi trực tiếp IvyXmlOutput (chỉ dùng gián tiếp, qua class khác hoặc làm kiểu dữ liệu). | P61: dungnthe180616
A62: 61 | B62: B — repo đã có CUT qua preflight | C62: mthmulders/mcs | D62: mthmulders-mcs-7c8b5bc9c7f2 | E62: src/main/java/it/mulders/mcs/search/printer/LeiningenOutput.java | F62: it.mulders.mcs.search.printer.LeiningenOutput | G62: mở | H62: 18 | I62: =COUNTIF('Ứng viên'!$B$2:$B$238,A62) -> 2 | J62: src/test/java/it/mulders/mcs/search/FormatTypeTest.java | K62: NONE | N62: =IF(K62<>"PAIRED","",IF(M62<>"",M62,IF(L62="","",IFERROR(INDEX('Ứng viên'!$D$2:$D$238,MATCH(A62&"-"&L62,'Ứng viên'!$A$2:$A$238,0)),"⚠ số ứng viên không hợp lệ")))) | O62: FormatTypeTest.java, CoordinatePrinterTest.java có nhắc tới LeiningenOutput nhưng không test method nào gọi trực tiếp LeiningenOutput (chỉ dùng gián tiếp, qua class khác hoặc làm kiểu dữ liệu). | P62: dungnthe180616
A63: 62 | B63: B — repo đã có CUT qua preflight | C63: mthmulders/mcs | D63: mthmulders-mcs-7c8b5bc9c7f2 | E63: src/main/java/it/mulders/mcs/search/printer/PomXmlOutput.java | F63: it.mulders.mcs.search.printer.PomXmlOutput | G63: mở | H63: 18 | I63: =COUNTIF('Ứng viên'!$B$2:$B$238,A63) -> 2 | J63: src/test/java/it/mulders/mcs/search/FormatTypeTest.java | K63: NONE | N63: =IF(K63<>"PAIRED","",IF(M63<>"",M63,IF(L63="","",IFERROR(INDEX('Ứng viên'!$D$2:$D$238,MATCH(A63&"-"&L63,'Ứng viên'!$A$2:$A$238,0)),"⚠ số ứng viên không hợp lệ")))) | O63: FormatTypeTest.java, CoordinatePrinterTest.java có nhắc tới PomXmlOutput nhưng không test method nào gọi trực tiếp PomXmlOutput (chỉ dùng gián tiếp, qua class khác hoặc làm kiểu dữ liệu). | P63: dungnthe180616
A64: 63 | B64: B — repo đã có CUT qua preflight | C64: mthmulders/mcs | D64: mthmulders-mcs-7c8b5bc9c7f2 | E64: src/main/java/it/mulders/mcs/search/printer/SbtOutput.java | F64: it.mulders.mcs.search.printer.SbtOutput | G64: mở | H64: 18 | I64: =COUNTIF('Ứng viên'!$B$2:$B$238,A64) -> 2 | J64: src/test/java/it/mulders/mcs/search/FormatTypeTest.java | K64: NONE | N64: =IF(K64<>"PAIRED","",IF(M64<>"",M64,IF(L64="","",IFERROR(INDEX('Ứng viên'!$D$2:$D$238,MATCH(A64&"-"&L64,'Ứng viên'!$A$2:$A$238,0)),"⚠ số ứng viên không hợp lệ")))) | O64: FormatTypeTest.java, CoordinatePrinterTest.java có nhắc tới SbtOutput nhưng không test method nào gọi trực tiếp SbtOutput (chỉ dùng gián tiếp, qua class khác hoặc làm kiểu dữ liệu). | P64: dungnthe180616
A65: 64 | B65: B — repo đã có CUT qua preflight | C65: traccar/traccar | D65: traccar-traccar-1c91d35263f1 | E65: src/main/java/org/traccar/helper/StringUtil.java | F65: org.traccar.helper.StringUtil | G65: mở | H65: 382 | I65: =COUNTIF('Ứng viên'!$B$2:$B$238,A65) -> 0 | J65: (không tìm thấy test nào nhắc tới CUT) | K65: NONE | N65: =IF(K65<>"PAIRED","",IF(M65<>"",M65,IF(L65="","",IFERROR(INDEX('Ứng viên'!$D$2:$D$238,MATCH(A65&"-"&L65,'Ứng viên'!$A$2:$A$238,0)),"⚠ số ứng viên không hợp lệ")))) | O65: Không có file test nào (trong 382 file đã quét tại commit đã fix) nhắc tới StringUtil qua cùng package, import hoặc tên đầy đủ. | P65: dungnthe180616
A66: 65 | B66: B — repo đã có CUT qua preflight | C66: traccar/traccar | D66: traccar-traccar-8ae0436e5edb | E66: src/main/java/org/traccar/helper/Parser.java | F66: org.traccar.helper.Parser | G66: mở | H66: 382 | I66: =COUNTIF('Ứng viên'!$B$2:$B$238,A66) -> 0 | J66: (không tìm thấy test nào nhắc tới CUT) | K66: NONE | N66: =IF(K66<>"PAIRED","",IF(M66<>"",M66,IF(L66="","",IFERROR(INDEX('Ứng viên'!$D$2:$D$238,MATCH(A66&"-"&L66,'Ứng viên'!$A$2:$A$238,0)),"⚠ số ứng viên không hợp lệ")))) | O66: Không có file test nào (trong 382 file đã quét tại commit đã fix) nhắc tới Parser qua cùng package, import hoặc tên đầy đủ. | P66: dungnthe180616
... A74: 73 | B74: B — repo đã có CUT qua preflight | C74: traccar/traccar | D74: traccar-traccar-b4934e05aab6 | E74: src/main/java/org/traccar/api/resource/ReportResource.java | F74: org.traccar.api.resource.ReportResource | G74: mở | H74: 382 | I74: =COUNTIF('Ứng viên'!$B$2:$B$238,A74) -> 0 | J74: (không tìm thấy test nào nhắc tới CUT) | K74: NONE | N74: =IF(K74<>"PAIRED","",IF(M74<>"",M74,IF(L74="","",IFERROR(INDEX('Ứng viên'!$D$2:$D$238,MATCH(A74&"-"&L74,'Ứng viên'!$A$2:$A$238,0)),"⚠ số ứng viên không hợp lệ")))) | O74: Không có file test nào (trong 382 file đã quét tại commit đã fix) nhắc tới ReportResource qua cùng package, import hoặc tên đầy đủ. | P74: dungnthe180616
A75: 74 | B75: B — repo đã có CUT qua preflight | C75: traccar/traccar | D75: traccar-traccar-b4934e05aab6 | E75: src/main/java/org/traccar/handler/ComputedAttributesHandler.java | F75: org.traccar.handler.ComputedAttributesHandler | G75: mở | H75: 382 | I75: =COUNTIF('Ứng viên'!$B$2:$B$238,A75) -> 1 | J75: src/test/java/org/traccar/handler/ComputedAttributesTest.java | K75: PAIRED | L75: 1 | N75: =IF(K75<>"PAIRED","",IF(M75<>"",M75,IF(L75="","",IFERROR(INDEX('Ứng viên'!$D$2:$D$238,MATCH(A75&"-"&L75,'Ứng viên'!$A$2:$A$238,0)),"⚠ số ứng viên không hợp lệ")))) -> src/test/java/org/traccar/handler/ComputedAttributesTest.java | O75: ComputedAttributesTest.java: 1/1 test method gọi trực tiếp ComputedAttributesHandler (testComputedAttributes); ví dụ: ComputedAttributesHandler handler = new ComputedAttributesHandler(new Config(), null); | P75: dungnthe180616
A76: 75 | B76: B — repo đã có CUT qua preflight | C76: traccar/traccar | D76: traccar-traccar-b4934e05aab6 | E76: src/main/java/org/traccar/helper/ClassScanner.java | F76: org.traccar.helper.ClassScanner | G76: mở | H76: 382 | I76: =COUNTIF('Ứng viên'!$B$2:$B$238,A76) -> 0 | J76: (không tìm thấy test nào nhắc tới CUT) | K76: NONE | N76: =IF(K76<>"PAIRED","",IF(M76<>"",M76,IF(L76="","",IFERROR(INDEX('Ứng viên'!$D$2:$D$238,MATCH(A76&"-"&L76,'Ứng viên'!$A$2:$A$238,0)),"⚠ số ứng viên không hợp lệ")))) | O76: Không có file test nào (trong 382 file đã quét tại commit đã fix) nhắc tới ClassScanner qua cùng package, import hoặc tên đầy đủ. | P76: dungnthe180616
A77: 76 | B77: B — repo đã có CUT qua preflight | C77: traccar/traccar | D77: traccar-traccar-b4934e05aab6 | E77: src/main/java/org/traccar/helper/StringUtil.java | F77: org.traccar.helper.StringUtil | G77: mở | H77: 382 | I77: =COUNTIF('Ứng viên'!$B$2:$B$238,A77) -> 0 | J77: (không tìm thấy test nào nhắc tới CUT) | K77: NONE | N77: =IF(K77<>"PAIRED","",IF(M77<>"",M77,IF(L77="","",IFERROR(INDEX('Ứng viên'!$D$2:$D$238,MATCH(A77&"-"&L77,'Ứng viên'!$A$2:$A$238,0)),"⚠ số ứng viên không hợp lệ")))) | O77: Không có file test nào (trong 382 file đã quét tại commit đã fix) nhắc tới StringUtil qua cùng package, import hoặc tên đầy đủ. | P77: dungnthe180616
A78: 77 | B78: B — repo đã có CUT qua preflight | C78: traccar/traccar | D78: traccar-traccar-b4934e05aab6 | E78: src/main/java/org/traccar/model/Report.java | F78: org.traccar.model.Report | G78: mở | H78: 382 | I78: =COUNTIF('Ứng viên'!$B$2:$B$238,A78) -> 0 | J78: (không tìm thấy test nào nhắc tới CUT) | K78: NONE | N78: =IF(K78<>"PAIRED","",IF(M78<>"",M78,IF(L78="","",IFERROR(INDEX('Ứng viên'!$D$2:$D$238,MATCH(A78&"-"&L78,'Ứng viên'!$A$2:$A$238,0)),"⚠ số ứng viên không hợp lệ")))) | O78: Không có file test nào (trong 382 file đã quét tại commit đã fix) nhắc tới Report qua cùng package, import hoặc tên đầy đủ. | P78: dungnthe180616
A79: 78 | B79: B — repo đã có CUT qua preflight | C79: traccar/traccar | D79: traccar-traccar-b4934e05aab6 | E79: src/main/java/org/traccar/reports/common/ReportExecutor.java | F79: org.traccar.reports.common.ReportExecutor | G79: mở | H79: 382 | I79: =COUNTIF('Ứng viên'!$B$2:$B$238,A79) -> 0 | J79: (không tìm thấy test nào nhắc tới CUT) | K79: NONE | N79: =IF(K79<>"PAIRED","",IF(M79<>"",M79,IF(L79="","",IFERROR(INDEX('Ứng viên'!$D$2:$D$238,MATCH(A79&"-"&L79,'Ứng viên'!$A$2:$A$238,0)),"⚠ số ứng viên không hợp lệ")))) | O79: Không có file test nào (trong 382 file đã quét tại commit đã fix) nhắc tới ReportExecutor qua cùng package, import hoặc tên đầy đủ. | P79: dungnthe180616
A80: 79 | B80: B — repo đã có CUT qua preflight | C80: traccar/traccar | D80: traccar-traccar-b4934e05aab6 | E80: src/main/java/org/traccar/reports/common/ReportMailer.java | F80: org.traccar.reports.common.ReportMailer | G80: mở | H80: 382 | I80: =COUNTIF('Ứng viên'!$B$2:$B$238,A80) -> 0 | J80: (không tìm thấy test nào nhắc tới CUT) | K80: NONE | N80: =IF(K80<>"PAIRED","",IF(M80<>"",M80,IF(L80="","",IFERROR(INDEX('Ứng viên'!$D$2:$D$238,MATCH(A80&"-"&L80,'Ứng viên'!$A$2:$A$238,0)),"⚠ số ứng viên không hợp lệ")))) | O80: Không có file test nào (trong 382 file đã quét tại commit đã fix) nhắc tới ReportMailer qua cùng package, import hoặc tên đầy đủ. | P80: dungnthe180616
A81: 80 | B81: B — repo đã có CUT qua preflight | C81: traccar/traccar | D81: traccar-traccar-b4934e05aab6 | E81: src/main/java/org/traccar/schedule/ScheduleManager.java | F81: org.traccar.schedule.ScheduleManager | G81: mở | H81: 382 | I81: =COUNTIF('Ứng viên'!$B$2:$B$238,A81) -> 0 | J81: (không tìm thấy test nào nhắc tới CUT) | K81: NONE | N81: =IF(K81<>"PAIRED","",IF(M81<>"",M81,IF(L81="","",IFERROR(INDEX('Ứng viên'!$D$2:$D$238,MATCH(A81&"-"&L81,'Ứng viên'!$A$2:$A$238,0)),"⚠ số ứng viên không hợp lệ")))) | O81: Không có file test nào (trong 382 file đã quét tại commit đã fix) nhắc tới ScheduleManager qua cùng package, import hoặc tên đầy đủ. | P81: dungnthe180616
A82: 81 | B82: B — repo đã có CUT qua preflight | C82: traccar/traccar | D82: traccar-traccar-b4934e05aab6 | E82: src/main/java/org/traccar/schedule/TaskReports.java | F82: org.traccar.schedule.TaskReports | G82: mở | H82: 382 | I82: =COUNTIF('Ứng viên'!$B$2:$B$238,A82) -> 0 | J82: (không tìm thấy test nào nhắc tới CUT) | K82: NONE | N82: =IF(K82<>"PAIRED","",IF(M82<>"",M82,IF(L82="","",IFERROR(INDEX('Ứng viên'!$D$2:$D$238,MATCH(A82&"-"&L82,'Ứng viên'!$A$2:$A$238,0)),"⚠ số ứng viên không hợp lệ")))) | O82: Không có file test nào (trong 382 file đã quét tại commit đã fix) nhắc tới TaskReports qua cùng package, import hoặc tên đầy đủ. | P82: dungnthe180616
A83: 82 | B83: B — repo đã có CUT qua preflight | C83: traccar/traccar | D83: traccar-traccar-c68e92043cb5 | E83: src/main/java/org/traccar/protocol/HuaShengProtocol.java | F83: org.traccar.protocol.HuaShengProtocol | G83: mở | H83: 384 | I83: =COUNTIF('Ứng viên'!$B$2:$B$238,A83) -> 0 | J83: (không tìm thấy test nào nhắc tới CUT) | K83: NONE | N83: =IF(K83<>"PAIRED","",IF(M83<>"",M83,IF(L83="","",IFERROR(INDEX('Ứng viên'!$D$2:$D$238,MATCH(A83&"-"&L83,'Ứng viên'!$A$2:$A$238,0)),"⚠ số ứng viên không hợp lệ")))) | O83: Không có file test nào (trong 384 file đã quét tại commit đã fix) nhắc tới HuaShengProtocol qua cùng package, import hoặc tên đầy đủ. | P83: dungnthe180616
A84: 83 | B84: B — repo đã có CUT qua preflight | C84: traccar/traccar | D84: traccar-traccar-d244b4bc4999 | E84: src/main/java/org/traccar/model/ExtendedModel.java | F84: org.traccar.model.ExtendedModel | G84: mở | H84: 386 | I84: =COUNTIF('Ứng viên'!$B$2:$B$238,A84) -> 0 | J84: (không tìm thấy test nào nhắc tới CUT) | K84: NONE | N84: =IF(K84<>"PAIRED","",IF(M84<>"",M84,IF(L84="","",IFERROR(INDEX('Ứng viên'!$D$2:$D$238,MATCH(A84&"-"&L84,'Ứng viên'!$A$2:$A$238,0)),"⚠ số ứng viên không hợp lệ")))) | O84: Không có file test nào (trong 386 file đã quét tại commit đã fix) nhắc tới ExtendedModel qua cùng package, import hoặc tên đầy đủ. | P84: dungnthe180616

Sheet Tổng hợp
A1: Tiến độ label
A3: Chỉ số | B3: Giá trị | C3: Cách tính
A4: Tổng số CUT cần label | B4: =COUNTA(Label!$A$2:$A$84) -> 83 | C4: Mọi CUT không có test trùng tên
A5: Đã quyết định | B5: =COUNTIF(Label!$K$2:$K$84,"PAIRED")+COUNTIF(Label!$K$2:$K$84,"NONE") -> 83
A6: PAIRED | B6: =COUNTIF(Label!$K$2:$K$84,"PAIRED") -> 22
A7: NONE | B7: =COUNTIF(Label!$K$2:$K$84,"NONE") -> 61
A8: Chưa label | B8: =B4-B5 -> 0
A9: PAIRED thiếu test_class_path | B9: =COUNTIFS(Label!$K$2:$K$84,"PAIRED",Label!$N$2:$N$84,"")+COUNTIF(Label!$N$2:$N$84,"⚠*") -> 0 | C9: Phải bằng 0 trước khi xuất
A10: Đã có người kiểm tra | B10: =COUNTIF(Label!$R$2:$R$84,"Có")+COUNTIF(Label!$R$2:$R$84,"Không") -> 0
A11: Tỷ lệ đồng ý của người kiểm tra | B11: =IFERROR(COUNTIF(Label!$R$2:$R$84,"Có")/B10,"") | C11: Có / số dòng đã kiểm tra
A12: Repo ưu tiên A có ≥ 1 CUT PAIRED | B12: =SUMPRODUCT((LEFT(Label!$B$2:$B$84,1)="A")*(Label!$K$2:$K$84="PAIRED")/(COUNTIFS(Label!$C$2:$C$84,Label!$C$2:$C$84,Label!$K$2:$K$84,"PAIRED")+(Label!$K$2:$K$84<>"PAIRED"))) -> 10 | C12: Số repo mới có thể đưa vào preflight

Sheet Ứng viên
A1: Khóa (STT-hạng) | B1: STT CUT | C1: Hạng | D1: Test ứng viên (đường dẫn) | E1: Ngôn ngữ | F1: Số test method | G1: Test method gọi trực tiếp CUT | H1: Tên method (tối đa 6) | I1: Cùng package | J1: Dòng ví dụ | K1: Mở trên GitHub
A2: 1-1 | B2: 1 | C2: 1 | D2: src/test/java/com/whatsapp/api/impl/WhatsappBusinessCloudApiTest.java | E2: java | F2: 14 | G2: 1 | H2: testSendTemplateTextMessage | I2: Không | J2: .setLanguage(new Language(LanguageType.PT_BR))// | K2: mở
A3: 1-2 | B3: 1 | C3: 2 | D3: src/test/java/com/whatsapp/api/examples/SendTemplateButtonMessageExample.java | E3: java | F3: 0 | G3: 0 | I3: Không | K3: mở
A4: 1-3 | B4: 1 | C4: 3 | D4: src/test/java/com/whatsapp/api/examples/SendTemplateTextMessageExample.java | E4: java | F4: 0 | G4: 0 | I4: Không | K4: mở
A5: 2-1 | B5: 2 | C5: 1 | D5: src/test/java/com/whatsapp/api/impl/WhatsappBusinessManagementApiTest.java | E5: java | F5: 21 | G5: 4 | H5: testCreateMessageTemplate3, testCreateMessageTemplate4, testCreateMessageTemplateAuthentication, testCreateMessageTemplateMarketing2 | I5: Không | J5: .addButton(new QuickReplyButton("SIM"))// | K5: mở
A6: 2-2 | B6: 2 | C6: 2 | D6: src/test/java/com/whatsapp/api/examples/CreateMessageTemplate3Example.java | E6: java | F6: 0 | G6: 0 | I6: Không | K6: mở
A7: 2-3 | B7: 2 | C7: 3 | D7: src/test/java/com/whatsapp/api/examples/CreateMessageTemplate4Example.java | E7: java | F7: 0 | G7: 0 | I7: Không | K7: mở
A8: 2-4 | B8: 2 | C8: 4 | D8: src/test/java/com/whatsapp/api/examples/CreateMessageTemplate6Example.java | E8: java | F8: 0 | G8: 0 | I8: Không | K8: mở
A9: 3-1 | B9: 3 | C9: 1 | D9: src/test/java/com/whatsapp/api/impl/WhatsappBusinessManagementApiTest.java | E9: java | F9: 21 | G9: 1 | H9: testCreateMessageTemplateUtility1 | I9: Không | J9: .addButton(new UrlButton("Assistir agora")// | K9: mở
A10: 3-2 | B10: 3 | C10: 2 | D10: src/test/java/com/whatsapp/api/examples/CreateMessageTemplate5Example.java | E10: java | F10: 0 | G10: 0 | I10: Không | K10: mở
A11: 4-1 | B11: 4 | C11: 1 | D11: src/test/java/network/brightspots/rcv/TabulatorTests.java | E11: java | F11: 66 | G11: 0 | I11: Có | K11: mở
A12: 5-1 | B12: 5 | C12: 1 | D12: src/test/java/network/brightspots/rcv/TabulatorTests.java | E12: java | F12: 66 | G12: 0 | I12: Có | K12: mở
A13: 6-1 | B13: 6 | C13: 1 | D13: src/test/java/network/brightspots/rcv/TabulatorTests.java | E13: java | F13: 69 | G13: 0 | I13: Có | K13: mở
A14: 8-1 | B14: 8 | C14: 1 | D14: src/test/java/org/byteskript/skript/test/SyntaxTreeTest.java | E14: java | F14: 1 | G14: 1 | H14: testRecompile | I14: Không | J14: final Skript skript = new Skript(new DebugSkriptCompiler(stream)); | K14: mở
A15: 9-1 | B15: 9 | C15: 1 | D15: src/test/groovy/com/netflix/frigga/ami/AppVersionTest.groovy | E15: groovy | F15: 0 | G15: 0 | I15: Có | K15: mở
A16: 13-1 | B16: 13 | C16: 1 | D16: src/test/java/bsh/InterpreterConcurrencyTest.java | E16: java | F16: 4 | G16: 4 | H16: single_threaded, multi_threaded_callable, multi_threaded_class_generation_garbage_collected, multi_threaded_class_generation | I16: Có | J16: assertEquals("foo", callable.invokeMethod("call", new Object[] { "foo" })); | K16: mở
A17: 13-2 | B17: 13 | C17: 2 | D17: src/test/java/bsh/TestBshScriptEngine.java | E17: java | F17: 24 | G17: 2 | H17: test_bsh_script_engine_compile_return_this, test_bsh_script_engine_this_invoke_method | I17: Có | J17: invokeMethod = bshThis.getClass().getMethod("invokeMethod", new Class[] {String.class, Object[].class}); | K17: mở
A18: 13-3 | B18: 13 | C18: 3 | D18: src/test/java/bsh/ReflectTest.java | E18: java | F18: 29 | G18: 0 | I18: Có | K18: mở
A19: 13-4 | B19: 13 | C19: 4 | D19: src/test/java/bsh/PreparsedScriptTest.java | E19: java | F19: 9 | G19: 0 | I19: Có | K19: mở
A20: 13-5 | B20: 13 | C20: 5 | D20: src/test/java/bsh/BshSerializationTest.java | E20: java | F20: 3 | G20: 0 | I20: Có | K20: mở
A21: 13-6 | B21: 13 | C21: 6 | D21: src/test/java/bsh/ConsoleInterfaceTest.java | E21: java | F21: 2 | G21: 0 | I21: Có | K21: mở
A22: 18-1 | B22: 18 | C22: 1 | D22: src/test/java/com/crowdin/client/framework/TestHttpClient.java | E22: java | F22: 0 | G22: 0 | I22: Không | K22: mở
A23: 19-1 | B23: 19 | C23: 1 | D23: src/test/java/com/ezylang/evalex/parser/TokenizerArrayTest.java | E23: java | F23: 11 | G23: 9 | H23: testMissingClosingArray, testUnexpectedClosingArray, testOpenArrayNotAllowedBeginning, testOpenArrayNotAllowedAfterOperator, testOpenArrayNotAllowedAfterBrace, testCloseArrayNotAllowedBeginning | I23: Có | J23: assertThatThrownBy(() -> new Tokenizer("a[2+4", configuration).parse()) | K23: mở
A24: 19-2 | B24: 19 | C24: 2 | D24: src/test/java/com/ezylang/evalex/parser/TokenizerStructureTest.java | E24: java | F24: 9 | G24: 3 | H24: testStructureSeparatorNotAllowedBegin, testStructureSeparatorNotAllowedOperator, testStructureNotAllowed | I24: Có | J24: assertThatThrownBy(() -> new Tokenizer(".", configuration).parse()) | K24: mở
A25: 19-3 | B25: 19 | C25: 3 | D25: src/test/java/com/ezylang/evalex/parser/TokenizerStringLiteralTest.java | E25: java | F25: 11 | G25: 2 | H25: testErrorUnmatchedQuoteStart, testErrorUnmatchedQuoteOffset | I25: Có | J25: assertThatThrownBy(() -> new Tokenizer("\"hello", configuration).parse()) | K25: mở
A26: 19-4 | B26: 19 | C26: 4 | D26: src/test/java/com/ezylang/evalex/parser/TokenizerBracesTest.java | E26: java | F26: 4 | G26: 2 | H26: testMissingClosingBrace, testUnexpectedClosingBrace | I26: Có | J26: assertThatThrownBy(() -> new Tokenizer("(2+4", configuration).parse()) | K26: mở
A27: 19-5 | B27: 19 | C27: 5 | D27: src/test/java/com/ezylang/evalex/parser/TokenizerNumberLiteralTest.java | E27: java | F27: 11 | G27: 1 | H27: testScientificLiteralsParseException | I27: Có | J27: assertThatThrownBy(() -> new Tokenizer(expression, configuration).parse()) | K27: mở
A28: 19-6 | B28: 19 | C28: 6 | D28: src/test/java/com/ezylang/evalex/parser/TokenizerFunctionsTest.java | E28: java | F28: 9 | G28: 1 | H28: testUndefinedFunction | I28: Có | J28: assertThatThrownBy(() -> new Tokenizer("a(b)", configuration).parse()) | K28: mở
A29: 19-7 | B29: 19 | C29: 7 | D29: src/test/java/com/ezylang/evalex/parser/TokenizerPrefixPostfixTest.java | E29: java | F29: 9 | G29: 1 | H29: testPostfixAsPrefixThrowsException | I29: Có | J29: assertThatThrownBy(new Tokenizer("?a", configuration)::parse) | K29: mở
A30: 19-8 | B30: 19 | C30: 8 | D30: src/test/java/com/ezylang/evalex/parser/TokenizerExpressionTest.java | E30: java | F30: 5 | G30: 1 | H30: testUndefinedOperator | I30: Có | J30: assertThatThrownBy(() -> new Tokenizer("a $ b", configuration).parse()) | K30: mở
A31: 19-9 | B31: 19 | C31: 9 | D31: src/test/java/com/ezylang/evalex/parser/TokenizerImplicitMultiplicationTest.java | E31: java | F31: 5 | G31: 1 | H31: testImplicitMultiplicationNotAllowed | I31: Có | J31: assertThatThrownBy(() -> new Tokenizer("2(x+y)", config).parse()) | K31: mở
A32: 19-10 | B32: 19 | C32: 10 | D32: src/test/java/com/ezylang/evalex/parser/BaseParserTest.java | E32: java | F32: 0 | G32: 0 | I32: Có | K32: mở
A33: 21-1 | B33: 21 | C33: 1 | D33: src/test/java/com/reason/lang/ocaml/ModuleParsingTest.java | E33: java | F33: 15 | G33: 13 | H33: test_empty, test_alias, test_alias_path, test_module_type, test_signature_with_constraint, test_module_constraint | I33: Không | J33: assertEquals("M", e.getName()); | K33: mở
A34: 21-2 | B34: 21 | C34: 2 | D34: src/test/java/com/reason/ide/search/reference/ORModuleResolutionPsiGistRMLTest.java | E34: java | F34: 27 | G34: 0 | I34: Không | K34: mở
A35: 21-3 | B35: 21 | C35: 3 | D35: src/test/java/com/reason/ide/search/reference/ORModuleResolutionPsiGistRESTest.java | E35: java | F35: 25 | G35: 0 | I35: Không | K35: mở
A36: 26-1 | B36: 26 | C36: 1 | D36: src/test/java/com/jitterted/mobreg/domain/EnsembleMemberStatusTest.java | E36: java | F36: 13 | G36: 13 | H36: unknownMemberAndPastEnsembleThenStatusHidden, unknownMemberAndFutureEnsembleAndHasSpaceThenStatusUnknown, unknownMemberAndFutureEnsembleAndIsFullThenStatusFull, declinedMemberAndFutureEnsembleAndHasSpaceThenStatusDeclined, declinedMemberAndFutureEnsembleIsFullThenStatusDeclinedFull, acceptedMemberAndPastUncompletedEnsembleThenStatusPendingCompleted | I36: Có | J36: assertThat(pastEnsemble.statusFor(memberId, startDateTime.plusHours(3))) // duration defaults to 1h55m, so 3 hours means it's over | K36: mở
A37: 26-2 | B37: 26 | C37: 2 | D37: src/test/java/com/jitterted/mobreg/domain/EnsembleMembersTest.java | E37: java | F37: 10 | G37: 9 | H37: newEnsembleHasZeroParticipants, joinAsSpectatorEnsembleRemembersTheMember, acceptedMemberWhenJoinAsSpectatorRemovesFromAccepted, declinedMemberWhenJoinAsSpectatorRemovesFromDeclined, spectatorWhenAcceptRemovesFromSpectators, acceptMemberByIdWithEnsembleRemembersTheMember | I37: Có | J37: assertThat(ensemble.acceptedCount()) | K37: mở
A38: 26-3 | B38: 26 | C38: 3 | D38: src/test/java/com/jitterted/mobreg/domain/EnsembleEditTest.java | E38: java | F38: 8 | G38: 8 | H38: canChangeNameForExistingEnsemble, changeNameToNullNotAllowed, canChangeToExistingName, canChangeNameAfterCompleted, canChangeStartDateTime, changeDateTimeToNullNotAllowed | I38: Có | J38: Ensemble before = new Ensemble("before", ZonedDateTime.now()); | K38: mở
A39: 26-4 | B39: 26 | C39: 4 | D39: src/test/java/com/jitterted/mobreg/domain/EnsembleStateTest.java | E39: java | F39: 9 | G39: 7 | H39: newEnsembleIsNotCanceled, newEnsembleIsNotCompleted, whenCompletingEnsembleThenEnsembleIsCompleted, whenCancelingScheduledEnsembleThenEnsembleIsCanceled, canceledEnsembleWhenAcceptMemberThrowsException, completedEnsembleWhenRegisterMemberThrowsException | I39: Có | J39: assertThat(ensemble.isCanceled()) | K39: mở
A40: 26-5 | B40: 26 | C40: 5 | D40: src/test/java/com/jitterted/mobreg/adapter/in/web/admin/AdminDashboardControllerTest.java | E40: java | F40: 6 | G40: 5 | H40: givenOneEnsembleResultsInEnsembleInViewModel, changeExistingEnsembleResultsInChangesSaved, completeEnsembleCompletesTheEnsembleWithRecordingLinkAndRedirects, cancelEnsembleThenEnsembleIsCanceled, manuallyRegisterExistingMemberForEnsemble | I40: Không | J40: ensembleRepository.save(new Ensemble("Name", ZonedDateTime.now())); | K40: mở
A41: 26-6 | B41: 26 | C41: 6 | D41: src/test/java/com/jitterted/mobreg/domain/EnsembleMemberRsvpTest.java | E41: java | F41: 5 | G41: 5 | H41: unregisteredMemberIsRsvpUnknown, registeredMemberIsRsvpAccepted, memberWhoDeclinesIsRsvpDeclined, acceptedMemberWhenDeclinesIsRsvpDeclined, declinedMemberWhenAcceptsAndSpaceAvailableIsRsvpAccepted | I41: Có | J41: assertThat(ensemble.rsvpOf(memberId)) | K41: mở
A42: 26-7 | B42: 26 | C42: 7 | D42: src/test/java/com/jitterted/mobreg/adapter/in/web/member/EnsembleSummaryViewTest.java | E42: java | F42: 10 | G42: 4 | H42: withAnotherAcceptedMemberThenMemberAcceptedIsFalse, memberAcceptedIsTrueWhenMemberEnsembleParticipant, ensembleWithRecordingThenViewIncludesStringOfLink, ensembleWithAcceptedMembersGetsInfoOnAndShowsWhoAccepted | I42: Không | J42: ensemble.acceptedBy(member.getId()); | K42: mở
A43: 26-8 | B43: 26 | C43: 8 | D43: src/test/java/com/jitterted/mobreg/adapter/out/jdbc/EnsembleRepositoryDataJdbcAdapterTest.java | E43: java | F43: 5 | G43: 3 | H43: savedEnsembleCanBeFoundByItsId, whenEnsembleMeetingLinkIsStoredThenIsRetrievedByFind, whenEnsembleCompletedWithRecordingLinkThenIsStoredSuccessfully | I43: Không | J43: Optional<Ensemble> found = ensembleRepositoryAdapter.findById(savedEnsemble.getId()); | K43: mở
A44: 26-9 | B44: 26 | C44: 9 | D44: src/test/java/com/jitterted/mobreg/application/EnsembleServiceScheduleTest.java | E44: java | F44: 4 | G44: 3 | H44: ensembleScheduledWithManuallyEnteredZoomLinkThenHasZoomLink, ensembleScheduledThenZoomLinkFetchedFromApiHasConferenceDetails, apiFailedToReturnValidConferenceDetailsThenConferenceDetailsIsDefaultUnscheduled | I44: Không | J44: .extracting(Ensemble::meetingLink) | K44: mở
A45: 26-10 | B45: 26 | C45: 10 | D45: src/test/java/com/jitterted/mobreg/adapter/in/web/member/MemberControllerTest.java | E45: java | F45: 3 | G45: 3 | H45: ensembleFormContainsMemberIdForOAuth2User, memberRegistersForEnsembleWillBeRegisteredForThatEnsemble, memberDeclinesWillBeDeclinedForEnsemble | I45: Không | J45: ensembleRepository.save(new Ensemble("GET Test", ZonedDateTime.now())); | K45: mở
A46: 26-11 | B46: 26 | C46: 11 | D46: src/test/java/com/jitterted/mobreg/application/EnsembleServiceEditExistingTest.java | E46: java | F46: 3 | G46: 3 | H46: changesToNameAndDateTimeForExistingEnsembleAreSaved, changingZoomLinkToBeBlankThenFetchesNewLinkViaSchedulerApi, changingZoomLinkWithValidLinkThenStoresNewLinkDoesNotFetchFromScheduler | I46: Không | J46: Ensemble ensemble = new Ensemble("Before", URI.create("https://zoom.us/before"), | K46: mở
A47: 26-12 | B47: 26 | C47: 12 | D47: src/test/java/com/jitterted/mobreg/adapter/in/web/admin/DashboardEnsembleViewTest.java | E47: java | F47: 3 | G47: 2 | H47: detailViewOfExistingEnsembleByItsIdIsReturned, detailViewOfExistingEnsembleWithOneParticipantReturnsEnsembleWithParticipantView | I47: Không | J47: Ensemble savedEnsemble = ensembleRepository.save(new Ensemble("Ensemble #1", ZonedDateTime.now())); | K47: mở
... A61: 26-26 | B61: 26 | C61: 26 | D61: src/test/java/com/jitterted/mobreg/application/GoogleCalendarLinkCreatorTest.java | E61: java | F61: 1 | G61: 1 | H61: googleCalendarLinkGeneratedFromEnsembleWithZoomLinkInDetails | I61: Không | J61: Ensemble calendarEnsemble = new Ensemble("Calendar Ensemble", | K61: mở
A62: 26-27 | B62: 26 | C62: 27 | D62: src/test/java/com/jitterted/mobreg/adapter/in/web/admin/AdminEndpointConfigurationTest.java | E62: java | F62: 7 | G62: 0 | I62: Không | K62: mở
A63: 26-28 | B63: 26 | C63: 28 | D63: src/test/java/com/jitterted/mobreg/application/EnsembleServiceEnsembleScheduledNotificationTest.java | E63: java | F63: 3 | G63: 0 | I63: Không | K63: mở
A64: 26-29 | B64: 26 | C64: 29 | D64: src/test/java/com/jitterted/mobreg/adapter/in/web/admin/ScheduleEnsembleFormTest.java | E64: java | F64: 2 | G64: 0 | I64: Không | K64: mở
A65: 26-30 | B65: 26 | C65: 30 | D65: src/test/java/com/jitterted/mobreg/application/DeleteMeetingConferenceSchedulerMock.java | E65: java | F65: 0 | G65: 0 | I65: Không | K65: mở
A66: 26-31 | B66: 26 | C66: 31 | D66: src/test/java/com/jitterted/mobreg/application/FailsToCreateMeetingConferenceScheduler.java | E66: java | F66: 0 | G66: 0 | I66: Không | K66: mở
A67: 26-32 | B67: 26 | C67: 32 | D67: src/test/java/com/jitterted/mobreg/application/TestEnsembleServiceBuilder.java | E67: java | F67: 0 | G67: 0 | I67: Không | K67: mở
A68: 26-33 | B68: 26 | C68: 33 | D68: src/test/java/com/jitterted/mobreg/application/ZoomConferenceSchedulerDeletesExpectedMeetingId.java | E68: java | F68: 0 | G68: 0 | I68: Không | K68: mở
A69: 26-34 | B69: 26 | C69: 34 | D69: src/test/java/com/jitterted/mobreg/application/port/DummyNotifier.java | E69: java | F69: 0 | G69: 0 | I69: Không | K69: mở
A70: 26-35 | B70: 26 | C70: 35 | D70: src/test/java/com/jitterted/mobreg/application/port/DummyVideoConferenceScheduler.java | E70: java | F70: 0 | G70: 0 | I70: Không | K70: mở
A71: 26-36 | B71: 26 | C71: 36 | D71: src/test/java/com/jitterted/mobreg/domain/EnsembleBuilderAndSaviour.java | E71: java | F71: 0 | G71: 0 | I71: Có | K71: mở
A72: 26-37 | B72: 26 | C72: 37 | D72: src/test/java/com/jitterted/mobreg/domain/EnsembleFactory.java | E72: java | F72: 0 | G72: 0 | I72: Có | K72: mở
A73: 27-1 | B73: 27 | C73: 1 | D73: src/test/java/com/jitterted/mobreg/domain/EnsembleMemberStatusTest.java | E73: java | F73: 13 | G73: 13 | H73: unknownMemberAndPastEnsembleThenStatusHidden, unknownMemberAndFutureEnsembleAndHasSpaceThenStatusUnknown, unknownMemberAndFutureEnsembleAndIsFullThenStatusFull, declinedMemberAndFutureEnsembleAndHasSpaceThenStatusDeclined, declinedMemberAndFutureEnsembleIsFullThenStatusDeclinedFull, acceptedMemberAndPastUncompletedEnsembleThenStatusPendingCompleted | I73: Có | J73: assertThat(pastEnsemble.statusFor(memberId, startDateTime.plusHours(3))) // duration defaults to 1h55m, so 3 hours means it's over | K73: mở
A74: 27-2 | B74: 27 | C74: 2 | D74: src/test/java/com/jitterted/mobreg/domain/EnsembleMembersTest.java | E74: java | F74: 9 | G74: 8 | H74: newEnsembleHasZeroParticipants, joinAsSpectatorEnsembleRemembersTheMember, acceptedMemberWhenJoinAsSpectatorRemovesFromAccepted, declinedMemberWhenJoinAsSpectatorRemovesFromDeclined, acceptMemberByIdWithEnsembleRemembersTheMember, acceptedMemberIsFoundAsRegisteredByMemberId | I74: Có | J74: assertThat(ensemble.acceptedCount()) | K74: mở
A75: 27-3 | B75: 27 | C75: 3 | D75: src/test/java/com/jitterted/mobreg/domain/EnsembleEditTest.java | E75: java | F75: 8 | G75: 8 | H75: canChangeNameForExistingEnsemble, changeNameToNullNotAllowed, canChangeToExistingName, canChangeNameAfterCompleted, canChangeStartDateTime, changeDateTimeToNullNotAllowed | I75: Có | J75: Ensemble before = new Ensemble("before", ZonedDateTime.now()); | K75: mở
A76: 27-4 | B76: 27 | C76: 4 | D76: src/test/java/com/jitterted/mobreg/domain/EnsembleStateTest.java | E76: java | F76: 9 | G76: 7 | H76: newEnsembleIsNotCanceled, newEnsembleIsNotCompleted, whenCompletingEnsembleThenEnsembleIsCompleted, whenCancelingScheduledEnsembleThenEnsembleIsCanceled, canceledEnsembleWhenAcceptMemberThrowsException, completedEnsembleWhenRegisterMemberThrowsException | I76: Có | J76: assertThat(ensemble.isCanceled()) | K76: mở
A77: 27-5 | B77: 27 | C77: 5 | D77: src/test/java/com/jitterted/mobreg/adapter/in/web/admin/AdminDashboardControllerTest.java | E77: java | F77: 6 | G77: 5 | H77: givenOneEnsembleResultsInEnsembleInViewModel, changeExistingEnsembleResultsInChangesSaved, completeEnsembleCompletesTheEnsembleWithRecordingLinkAndRedirects, cancelEnsembleThenEnsembleIsCanceled, manuallyRegisterExistingMemberForEnsemble | I77: Không | J77: ensembleRepository.save(new Ensemble("Name", ZonedDateTime.now())); | K77: mở
A78: 27-6 | B78: 27 | C78: 6 | D78: src/test/java/com/jitterted/mobreg/domain/EnsembleMemberRsvpTest.java | E78: java | F78: 5 | G78: 5 | H78: unregisteredMemberIsRsvpUnknown, registeredMemberIsRsvpAccepted, memberWhoDeclinesIsRsvpDeclined, acceptedMemberWhenDeclinesIsRsvpDeclined, declinedMemberWhenAcceptsAndSpaceAvailableIsRsvpAccepted | I78: Có | J78: assertThat(ensemble.rsvpOf(memberId)) | K78: mở
A79: 27-7 | B79: 27 | C79: 7 | D79: src/test/java/com/jitterted/mobreg/adapter/in/web/member/EnsembleSummaryViewTest.java | E79: java | F79: 10 | G79: 4 | H79: withAnotherAcceptedMemberThenMemberAcceptedIsFalse, memberAcceptedIsTrueWhenMemberEnsembleParticipant, ensembleWithRecordingThenViewIncludesStringOfLink, ensembleWithAcceptedMembersGetsInfoOnAndShowsWhoAccepted | I79: Không | J79: ensemble.acceptedBy(member.getId()); | K79: mở
A80: 27-8 | B80: 27 | C80: 8 | D80: src/test/java/com/jitterted/mobreg/adapter/out/jdbc/EnsembleRepositoryDataJdbcAdapterTest.java | E80: java | F80: 5 | G80: 3 | H80: savedEnsembleCanBeFoundByItsId, whenEnsembleMeetingLinkIsStoredThenIsRetrievedByFind, whenEnsembleCompletedWithRecordingLinkThenIsStoredSuccessfully | I80: Không | J80: Optional<Ensemble> found = ensembleRepositoryAdapter.findById(savedEnsemble.getId()); | K80: mở
A81: 27-9 | B81: 27 | C81: 9 | D81: src/test/java/com/jitterted/mobreg/application/EnsembleServiceScheduleTest.java | E81: java | F81: 4 | G81: 3 | H81: ensembleScheduledWithManuallyEnteredZoomLinkThenHasZoomLink, ensembleScheduledThenZoomLinkFetchedFromApiHasConferenceDetails, apiFailedToReturnValidConferenceDetailsThenConferenceDetailsIsDefaultUnscheduled | I81: Không | J81: .extracting(Ensemble::meetingLink) | K81: mở
A82: 27-10 | B82: 27 | C82: 10 | D82: src/test/java/com/jitterted/mobreg/adapter/in/web/member/MemberControllerTest.java | E82: java | F82: 3 | G82: 3 | H82: ensembleFormContainsMemberIdForOAuth2User, memberRegistersForEnsembleWillBeRegisteredForThatEnsemble, memberDeclinesWillBeDeclinedForEnsemble | I82: Không | J82: ensembleRepository.save(new Ensemble("GET Test", ZonedDateTime.now())); | K82: mở
A83: 27-11 | B83: 27 | C83: 11 | D83: src/test/java/com/jitterted/mobreg/application/EnsembleServiceEditExistingTest.java | E83: java | F83: 3 | G83: 3 | H83: changesToNameAndDateTimeForExistingEnsembleAreSaved, changingZoomLinkToBeBlankThenFetchesNewLinkViaSchedulerApi, changingZoomLinkWithValidLinkThenStoresNewLinkDoesNotFetchFromScheduler | I83: Không | J83: Ensemble ensemble = new Ensemble("Before", URI.create("https://zoom.us/before"), | K83: mở
A84: 27-12 | B84: 27 | C84: 12 | D84: src/test/java/com/jitterted/mobreg/adapter/in/web/admin/DashboardEnsembleViewTest.java | E84: java | F84: 3 | G84: 2 | H84: detailViewOfExistingEnsembleByItsIdIsReturned, detailViewOfExistingEnsembleWithOneParticipantReturnsEnsembleWithParticipantView | I84: Không | J84: Ensemble savedEnsemble = ensembleRepository.save(new Ensemble("Ensemble #1", ZonedDateTime.now())); | K84: mở
... A98: 27-26 | B98: 27 | C98: 26 | D98: src/test/java/com/jitterted/mobreg/application/GoogleCalendarLinkCreatorTest.java | E98: java | F98: 1 | G98: 1 | H98: googleCalendarLinkGeneratedFromEnsembleWithZoomLinkInDetails | I98: Không | J98: Ensemble calendarEnsemble = new Ensemble("Calendar Ensemble", | K98: mở
A99: 27-27 | B99: 27 | C99: 27 | D99: src/test/java/com/jitterted/mobreg/adapter/in/web/admin/AdminEndpointConfigurationTest.java | E99: java | F99: 7 | G99: 0 | I99: Không | K99: mở
A100: 27-28 | B100: 27 | C100: 28 | D100: src/test/java/com/jitterted/mobreg/application/EnsembleServiceEnsembleScheduledNotificationTest.java | E100: java | F100: 3 | G100: 0 | I100: Không | K100: mở
A101: 27-29 | B101: 27 | C101: 29 | D101: src/test/java/com/jitterted/mobreg/adapter/in/web/admin/ScheduleEnsembleFormTest.java | E101: java | F101: 2 | G101: 0 | I101: Không | K101: mở
A102: 27-30 | B102: 27 | C102: 30 | D102: src/test/java/com/jitterted/mobreg/application/DeleteMeetingConferenceSchedulerMock.java | E102: java | F102: 0 | G102: 0 | I102: Không | K102: mở
A103: 27-31 | B103: 27 | C103: 31 | D103: src/test/java/com/jitterted/mobreg/application/FailsToCreateMeetingConferenceScheduler.java | E103: java | F103: 0 | G103: 0 | I103: Không | K103: mở
A104: 27-32 | B104: 27 | C104: 32 | D104: src/test/java/com/jitterted/mobreg/application/TestEnsembleServiceBuilder.java | E104: java | F104: 0 | G104: 0 | I104: Không | K104: mở
A105: 27-33 | B105: 27 | C105: 33 | D105: src/test/java/com/jitterted/mobreg/application/ZoomConferenceSchedulerDeletesExpectedMeetingId.java | E105: java | F105: 0 | G105: 0 | I105: Không | K105: mở
A106: 27-34 | B106: 27 | C106: 34 | D106: src/test/java/com/jitterted/mobreg/application/port/DummyNotifier.java | E106: java | F106: 0 | G106: 0 | I106: Không | K106: mở
A107: 27-35 | B107: 27 | C107: 35 | D107: src/test/java/com/jitterted/mobreg/application/port/DummyVideoConferenceScheduler.java | E107: java | F107: 0 | G107: 0 | I107: Không | K107: mở
A108: 27-36 | B108: 27 | C108: 36 | D108: src/test/java/com/jitterted/mobreg/domain/EnsembleBuilderAndSaviour.java | E108: java | F108: 0 | G108: 0 | I108: Có | K108: mở
A109: 27-37 | B109: 27 | C109: 37 | D109: src/test/java/com/jitterted/mobreg/domain/EnsembleFactory.java | E109: java | F109: 0 | G109: 0 | I109: Có | K109: mở
A110: 28-1 | B110: 28 | C110: 1 | D110: src/test/java/com/jitterted/mobreg/domain/EnsembleMemberStatusTest.java | E110: java | F110: 13 | G110: 13 | H110: unknownMemberAndPastEnsembleThenStatusHidden, unknownMemberAndFutureEnsembleAndHasSpaceThenStatusUnknown, unknownMemberAndFutureEnsembleAndIsFullThenStatusFull, declinedMemberAndFutureEnsembleAndHasSpaceThenStatusDeclined, declinedMemberAndFutureEnsembleIsFullThenStatusDeclinedFull, acceptedMemberAndPastUncompletedEnsembleThenStatusPendingCompleted | I110: Có | J110: assertThat(pastEnsemble.statusFor(memberId, startDateTime.plusHours(3))) // duration defaults to 1h55m, so 3 hours means it's over | K110: mở
A111: 28-2 | B111: 28 | C111: 2 | D111: src/test/java/com/jitterted/mobreg/domain/EnsembleMembersTest.java | E111: java | F111: 11 | G111: 10 | H111: newEnsembleHasZeroParticipants, joinAsSpectatorEnsembleRemembersTheMember, acceptedMemberWhenJoinAsSpectatorRemovesFromAccepted, declinedMemberWhenJoinAsSpectatorRemovesFromDeclined, spectatorWhenAcceptRemovesFromSpectators, spectatorWhenDeclineRemovesFromSpectators | I111: Có | J111: assertThat(ensemble.acceptedCount()) | K111: mở
A112: 28-3 | B112: 28 | C112: 3 | D112: src/test/java/com/jitterted/mobreg/domain/EnsembleEditTest.java | E112: java | F112: 8 | G112: 8 | H112: canChangeNameForExistingEnsemble, changeNameToNullNotAllowed, canChangeToExistingName, canChangeNameAfterCompleted, canChangeStartDateTime, changeDateTimeToNullNotAllowed | I112: Có | J112: Ensemble before = new Ensemble("before", ZonedDateTime.now()); | K112: mở
A113: 28-4 | B113: 28 | C113: 4 | D113: src/test/java/com/jitterted/mobreg/domain/EnsembleStateTest.java | E113: java | F113: 9 | G113: 7 | H113: newEnsembleIsNotCanceled, newEnsembleIsNotCompleted, whenCompletingEnsembleThenEnsembleIsCompleted, whenCancelingScheduledEnsembleThenEnsembleIsCanceled, canceledEnsembleWhenAcceptMemberThrowsException, completedEnsembleWhenRegisterMemberThrowsException | I113: Có | J113: assertThat(ensemble.isCanceled()) | K113: mở
A114: 28-5 | B114: 28 | C114: 5 | D114: src/test/java/com/jitterted/mobreg/adapter/in/web/admin/AdminDashboardControllerTest.java | E114: java | F114: 6 | G114: 5 | H114: givenOneEnsembleResultsInEnsembleInViewModel, changeExistingEnsembleResultsInChangesSaved, completeEnsembleCompletesTheEnsembleWithRecordingLinkAndRedirects, cancelEnsembleThenEnsembleIsCanceled, manuallyRegisterExistingMemberForEnsemble | I114: Không | J114: ensembleRepository.save(new Ensemble("Name", ZonedDateTime.now())); | K114: mở
A115: 28-6 | B115: 28 | C115: 6 | D115: src/test/java/com/jitterted/mobreg/domain/EnsembleMemberRsvpTest.java | E115: java | F115: 5 | G115: 5 | H115: unregisteredMemberIsRsvpUnknown, registeredMemberIsRsvpAccepted, memberWhoDeclinesIsRsvpDeclined, acceptedMemberWhenDeclinesIsRsvpDeclined, declinedMemberWhenAcceptsAndSpaceAvailableIsRsvpAccepted | I115: Có | J115: assertThat(ensemble.rsvpOf(memberId)) | K115: mở
A116: 28-7 | B116: 28 | C116: 7 | D116: src/test/java/com/jitterted/mobreg/adapter/in/web/member/EnsembleSummaryViewTest.java | E116: java | F116: 10 | G116: 4 | H116: withAnotherAcceptedMemberThenMemberAcceptedIsFalse, memberAcceptedIsTrueWhenMemberEnsembleParticipant, ensembleWithRecordingThenViewIncludesStringOfLink, ensembleWithAcceptedMembersGetsInfoOnAndShowsWhoAccepted | I116: Không | J116: ensemble.acceptedBy(member.getId()); | K116: mở
A117: 28-8 | B117: 28 | C117: 8 | D117: src/test/java/com/jitterted/mobreg/adapter/out/jdbc/EnsembleRepositoryDataJdbcAdapterTest.java | E117: java | F117: 5 | G117: 3 | H117: savedEnsembleCanBeFoundByItsId, whenEnsembleMeetingLinkIsStoredThenIsRetrievedByFind, whenEnsembleCompletedWithRecordingLinkThenIsStoredSuccessfully | I117: Không | J117: Optional<Ensemble> found = ensembleRepositoryAdapter.findById(savedEnsemble.getId()); | K117: mở
A118: 28-9 | B118: 28 | C118: 9 | D118: src/test/java/com/jitterted/mobreg/application/EnsembleServiceScheduleTest.java | E118: java | F118: 4 | G118: 3 | H118: ensembleScheduledWithManuallyEnteredZoomLinkThenHasZoomLink, ensembleScheduledThenZoomLinkFetchedFromApiHasConferenceDetails, apiFailedToReturnValidConferenceDetailsThenConferenceDetailsIsDefaultUnscheduled | I118: Không | J118: .extracting(Ensemble::meetingLink) | K118: mở
A119: 28-10 | B119: 28 | C119: 10 | D119: src/test/java/com/jitterted/mobreg/adapter/in/web/member/MemberControllerTest.java | E119: java | F119: 3 | G119: 3 | H119: ensembleFormContainsMemberIdForOAuth2User, memberRegistersForEnsembleWillBeRegisteredForThatEnsemble, memberDeclinesWillBeDeclinedForEnsemble | I119: Không | J119: ensembleRepository.save(new Ensemble("GET Test", ZonedDateTime.now())); | K119: mở
A120: 28-11 | B120: 28 | C120: 11 | D120: src/test/java/com/jitterted/mobreg/application/EnsembleServiceEditExistingTest.java | E120: java | F120: 3 | G120: 3 | H120: changesToNameAndDateTimeForExistingEnsembleAreSaved, changingZoomLinkToBeBlankThenFetchesNewLinkViaSchedulerApi, changingZoomLinkWithValidLinkThenStoresNewLinkDoesNotFetchFromScheduler | I120: Không | J120: Ensemble ensemble = new Ensemble("Before", URI.create("https://zoom.us/before"), | K120: mở
A121: 28-12 | B121: 28 | C121: 12 | D121: src/test/java/com/jitterted/mobreg/adapter/in/web/admin/DashboardEnsembleViewTest.java | E121: java | F121: 3 | G121: 2 | H121: detailViewOfExistingEnsembleByItsIdIsReturned, detailViewOfExistingEnsembleWithOneParticipantReturnsEnsembleWithParticipantView | I121: Không | J121: Ensemble savedEnsemble = ensembleRepository.save(new Ensemble("Ensemble #1", ZonedDateTime.now())); | K121: mở
... A135: 28-26 | B135: 28 | C135: 26 | D135: src/test/java/com/jitterted/mobreg/application/GoogleCalendarLinkCreatorTest.java | E135: java | F135: 1 | G135: 1 | H135: googleCalendarLinkGeneratedFromEnsembleWithZoomLinkInDetails | I135: Không | J135: Ensemble calendarEnsemble = new Ensemble("Calendar Ensemble", | K135: mở
A136: 28-27 | B136: 28 | C136: 27 | D136: src/test/java/com/jitterted/mobreg/adapter/in/web/admin/AdminEndpointConfigurationTest.java | E136: java | F136: 7 | G136: 0 | I136: Không | K136: mở
A137: 28-28 | B137: 28 | C137: 28 | D137: src/test/java/com/jitterted/mobreg/application/EnsembleServiceEnsembleScheduledNotificationTest.java | E137: java | F137: 3 | G137: 0 | I137: Không | K137: mở
A138: 28-29 | B138: 28 | C138: 29 | D138: src/test/java/com/jitterted/mobreg/adapter/in/web/admin/ScheduleEnsembleFormTest.java | E138: java | F138: 2 | G138: 0 | I138: Không | K138: mở
A139: 28-30 | B139: 28 | C139: 30 | D139: src/test/java/com/jitterted/mobreg/application/DeleteMeetingConferenceSchedulerMock.java | E139: java | F139: 0 | G139: 0 | I139: Không | K139: mở
...
